Year,Surface Water Temp,Reservoir,Watershed,Type,Month
1989,18.56945,BHR,Forest,For,May
1990,20.34055,BHR,Forest,For,May
1991,23.82651667,BHR,Forest,For,May
1992,20.26718333,BHR,Forest,For,May
1993,21.3561,BHR,Forest,For,May
1994,19.26213,BHR,Forest,For,May
1995,19.067525,BHR,Forest,For,May
1996,20.91299,BHR,Forest,For,May
1997,18.42835,BHR,Forest,For,May
1998,20.74725,BHR,Forest,For,May
1999,22.88565,BHR,Forest,For,May
2000,20.14685,BHR,Forest,For,May
2001,24.17978333,BHR,Forest,For,May
2002,18.07428333,BHR,Forest,For,May
2003,20.74685,BHR,Forest,For,May
2004,22.75538333,BHR,Forest,For,May
2005,20.8189,BHR,Forest,For,May
2006,19.175,BHR,Forest,For,May
2007,23.09785,BHR,Forest,For,May
2008,19.00885,BHR,Forest,For,May
2009,20.21495,BHR,Forest,For,May
2010,22.41495,BHR,Forest,For,May
2016,23.78445,BHR,Forest,For,May
2017,22.84685,BHR,Forest,For,May
2018,23.01758333,BHR,Forest,For,May
1989,19.30285,BRR,Ag_Strat,Ag,May
1990,17.103625,BRR,Ag_Strat,Ag,May
1991,22.638125,BRR,Ag_Strat,Ag,May
1992,20.69275,BRR,Ag_Strat,Ag,May
1993,21.22325,BRR,Ag_Strat,Ag,May
1994,19.287,BRR,Ag_Strat,Ag,May
1995,20.758875,BRR,Ag_Strat,Ag,May
1996,21.3155,BRR,Ag_Strat,Ag,May
1997,17.725,BRR,Ag_Strat,Ag,May
1998,23.13025,BRR,Ag_Strat,Ag,May
1999,22.05258333,BRR,Ag_Strat,Ag,May
2000,21.11666667,BRR,Ag_Strat,Ag,May
2001,23.26908333,BRR,Ag_Strat,Ag,May
2002,19.870875,BRR,Ag_Strat,Ag,May
2003,21.82755,BRR,Ag_Strat,Ag,May
2004,23.0815,BRR,Ag_Strat,Ag,May
2005,20.6875,BRR,Ag_Strat,Ag,May
2006,19.884,BRR,Ag_Strat,Ag,May
2007,22.9185,BRR,Ag_Strat,Ag,May
2008,18.910125,BRR,Ag_Strat,Ag,May
2009,20.5845,BRR,Ag_Strat,Ag,May
2016,20.85241667,BRR,Ag_Strat,Ag,May
2017,23.30158333,BRR,Ag_Strat,Ag,May
2018,24.993,BRR,Ag_Strat,Ag,May
1989,14.5847,BVR,Ag_Strat,Ag,May
1990,14.2331,BVR,Ag_Strat,Ag,May
1991,18.93217,BVR,Ag_Strat,Ag,May
1992,15.663,BVR,Ag_Strat,Ag,May
1993,12.6415,BVR,Ag_Strat,Ag,May
1994,15.2105,BVR,Ag_Strat,Ag,May
1995,15.8647,BVR,Ag_Strat,Ag,May
1996,14.4885,BVR,Ag_Strat,Ag,May
1997,14.51275,BVR,Ag_Strat,Ag,May
1998,21.2735,BVR,Ag_Strat,Ag,May
1999,18.1275,BVR,Ag_Strat,Ag,May
2000,18.59233,BVR,Ag_Strat,Ag,May
2001,19.2715,BVR,Ag_Strat,Ag,May
2002,14.985,BVR,Ag_Strat,Ag,May
2003,17.2645,BVR,Ag_Strat,Ag,May
2004,18.552,BVR,Ag_Strat,Ag,May
2005,15.88917,BVR,Ag_Strat,Ag,May
2006,17.55783,BVR,Ag_Strat,Ag,May
2007,19.7185,BVR,Ag_Strat,Ag,May
2008,16.64625,BVR,Ag_Strat,Ag,May
2009,19.24425,BVR,Ag_Strat,Ag,May
2010,17.6855,BVR,Ag_Strat,Ag,May
2016,16.1905,BVR,Ag_Strat,Ag,May
2017,17.95775,BVR,Ag_Strat,Ag,May
2018,21.0345,BVR,Ag_Strat,Ag,May
1989,14.8035,CBR,Ag_No_Strat,Ag,May
1990,16.2073,CBR,Ag_No_Strat,Ag,May
1991,17.97175,CBR,Ag_No_Strat,Ag,May
1992,15.3145,CBR,Ag_No_Strat,Ag,May
1993,16.6795,CBR,Ag_No_Strat,Ag,May
1994,15.37275,CBR,Ag_No_Strat,Ag,May
1995,15.69675,CBR,Ag_No_Strat,Ag,May
1996,14.73017,CBR,Ag_No_Strat,Ag,May
1997,13.88175,CBR,Ag_No_Strat,Ag,May
1998,20.406,CBR,Ag_No_Strat,Ag,May
1999,18.561,CBR,Ag_No_Strat,Ag,May
2000,18.4991,CBR,Ag_No_Strat,Ag,May
2001,19.3489,CBR,Ag_No_Strat,Ag,May
2002,16.2115,CBR,Ag_No_Strat,Ag,May
2003,17.3455,CBR,Ag_No_Strat,Ag,May
2004,18.582,CBR,Ag_No_Strat,Ag,May
2005,16.9075,CBR,Ag_No_Strat,Ag,May
2006,16.61517,CBR,Ag_No_Strat,Ag,May
2007,19.97217,CBR,Ag_No_Strat,Ag,May
2008,16.6705,CBR,Ag_No_Strat,Ag,May
2009,19.2135,CBR,Ag_No_Strat,Ag,May
2010,18.25575,CBR,Ag_No_Strat,Ag,May
2016,17.67717,CBR,Ag_No_Strat,Ag,May
2017,18.1985,CBR,Ag_No_Strat,Ag,May
2018,18.214,CBR,Ag_No_Strat,Ag,May
1989,15.93615,CCK,Ag_Strat,Ag,May
1990,15.39205,CCK,Ag_Strat,Ag,May
1991,19.93752,CCK,Ag_Strat,Ag,May
1992,16.8091,CCK,Ag_Strat,Ag,May
1993,18.28898,CCK,Ag_Strat,Ag,May
1994,15.87443,CCK,Ag_Strat,Ag,May
1995,16.42979,CCK,Ag_Strat,Ag,May
1996,16.79358,CCK,Ag_Strat,Ag,May
1997,15.06423,CCK,Ag_Strat,Ag,May
1998,20.60125,CCK,Ag_Strat,Ag,May
1999,20.04343,CCK,Ag_Strat,Ag,May
2000,18.88912,CCK,Ag_Strat,Ag,May
2001,20.14889,CCK,Ag_Strat,Ag,May
2002,17.48835,CCK,Ag_Strat,Ag,May
2003,17.31878,CCK,Ag_Strat,Ag,May
2004,20.10575,CCK,Ag_Strat,Ag,May
2006,17.65005,CCK,Ag_Strat,Ag,May
2007,20.93075,CCK,Ag_Strat,Ag,May
2008,16.97226,CCK,Ag_Strat,Ag,May
2009,20.18525,CCK,Ag_Strat,Ag,May
2010,17.89946,CCK,Ag_Strat,Ag,May
2012,21.24665,CCK,Ag_Strat,Ag,May
2016,17.3886,CCK,Ag_Strat,Ag,May
2017,18.79122,CCK,Ag_Strat,Ag,May
2018,18.83515,CCK,Ag_Strat,Ag,May
1989,16.7247,CFK,Forest,For,May
1990,19.2453,CFK,Forest,For,May
1991,22.8038,CFK,Forest,For,May
1992,19.55194,CFK,Forest,For,May
1993,20.4606,CFK,Forest,For,May
1994,18.1641,CFK,Forest,For,May
1995,18.91705,CFK,Forest,For,May
1996,20.11318,CFK,Forest,For,May
1997,17.8321,CFK,Forest,For,May
1998,22.1917,CFK,Forest,For,May
1999,21.8583,CFK,Forest,For,May
2000,20.51137,CFK,Forest,For,May
2001,21.76175,CFK,Forest,For,May
2002,19.1697,CFK,Forest,For,May
2003,21.2957,CFK,Forest,For,May
2004,21.43057,CFK,Forest,For,May
2005,21.7129,CFK,Forest,For,May
2006,21.29877,CFK,Forest,For,May
2007,22.4008,CFK,Forest,For,May
2008,18.1235,CFK,Forest,For,May
2009,21.9644,CFK,Forest,For,May
2010,21.8818,CFK,Forest,For,May
2016,19.5606,CFK,Forest,For,May
2017,21.125,CFK,Forest,For,May
2018,23.3462,CFK,Forest,For,May
1989,16.74176,CHL,Ag_No_Strat,Ag,May
1990,15.08016,CHL,Ag_No_Strat,Ag,May
1991,20.779,CHL,Ag_No_Strat,Ag,May
1992,17.57933,CHL,Ag_No_Strat,Ag,May
1993,17.16853,CHL,Ag_No_Strat,Ag,May
1994,17.5984,CHL,Ag_No_Strat,Ag,May
1995,16.5824,CHL,Ag_No_Strat,Ag,May
1996,16.319,CHL,Ag_No_Strat,Ag,May
1997,15.4407,CHL,Ag_No_Strat,Ag,May
1998,19.7072,CHL,Ag_No_Strat,Ag,May
1999,19.6556,CHL,Ag_No_Strat,Ag,May
2000,19.5428,CHL,Ag_No_Strat,Ag,May
2001,20.6766,CHL,Ag_No_Strat,Ag,May
2002,16.3742,CHL,Ag_No_Strat,Ag,May
2003,19.2226,CHL,Ag_No_Strat,Ag,May
2004,19.8186,CHL,Ag_No_Strat,Ag,May
2005,18.429,CHL,Ag_No_Strat,Ag,May
2006,17.617,CHL,Ag_No_Strat,Ag,May
2007,20.4354,CHL,Ag_No_Strat,Ag,May
2008,15.6072,CHL,Ag_No_Strat,Ag,May
2009,18.1968,CHL,Ag_No_Strat,Ag,May
2010,18.7202,CHL,Ag_No_Strat,Ag,May
2016,16.704,CHL,Ag_No_Strat,Ag,May
2017,18.81593,CHL,Ag_No_Strat,Ag,May
2018,19.263,CHL,Ag_No_Strat,Ag,May
1989,18.01748,CMR,Ag_No_Strat,Ag,May
1990,16.1098,CMR,Ag_No_Strat,Ag,May
1991,22.2264,CMR,Ag_No_Strat,Ag,May
1992,19.41447,CMR,Ag_No_Strat,Ag,May
1993,17.7862,CMR,Ag_No_Strat,Ag,May
1994,18.5255,CMR,Ag_No_Strat,Ag,May
1995,18.25132,CMR,Ag_No_Strat,Ag,May
1996,17.2986,CMR,Ag_No_Strat,Ag,May
1997,16.44393,CMR,Ag_No_Strat,Ag,May
1998,25.2182,CMR,Ag_No_Strat,Ag,May
1999,21.499,CMR,Ag_No_Strat,Ag,May
2000,20.152,CMR,Ag_No_Strat,Ag,May
2001,22.6548,CMR,Ag_No_Strat,Ag,May
2002,20.598,CMR,Ag_No_Strat,Ag,May
2003,19.2606,CMR,Ag_No_Strat,Ag,May
2004,20.0164,CMR,Ag_No_Strat,Ag,May
2005,20.1538,CMR,Ag_No_Strat,Ag,May
2006,18.399,CMR,Ag_No_Strat,Ag,May
2007,21.172,CMR,Ag_No_Strat,Ag,May
2008,17.5058,CMR,Ag_No_Strat,Ag,May
2009,20.853,CMR,Ag_No_Strat,Ag,May
2010,20.6962,CMR,Ag_No_Strat,Ag,May
2016,18.576,CMR,Ag_No_Strat,Ag,May
2017,20.0866,CMR,Ag_No_Strat,Ag,May
2018,21.6318,CMR,Ag_No_Strat,Ag,May
1989,15.89495,CRR,Forest,For,May
1990,17.71505,CRR,Forest,For,May
1991,21.2773,CRR,Forest,For,May
1992,19.03868,CRR,Forest,For,May
1993,19.14005,CRR,Forest,For,May
1994,17.60485,CRR,Forest,For,May
1995,17.82495,CRR,Forest,For,May
1996,18.42107,CRR,Forest,For,May
1997,16.29248,CRR,Forest,For,May
1998,21.74925,CRR,Forest,For,May
1999,21.4551,CRR,Forest,For,May
2000,20.42301,CRR,Forest,For,May
2001,21.75728,CRR,Forest,For,May
2002,18.59235,CRR,Forest,For,May
2003,18.86735,CRR,Forest,For,May
2004,21.68281,CRR,Forest,For,May
2005,17.82028,CRR,Forest,For,May
2006,19.58458,CRR,Forest,For,May
2007,20.95775,CRR,Forest,For,May
2008,17.85,CRR,Forest,For,May
2009,19.53508,CRR,Forest,For,May
2010,21.43215,CRR,Forest,For,May
2016,19.86491,CRR,Forest,For,May
2017,20.85162,CRR,Forest,For,May
2018,24.81455,CRR,Forest,For,May
1989,15.379725,EFR,Ag_Strat,Ag,May
1990,16.59415,EFR,Ag_Strat,Ag,May
1991,22.2434,EFR,Ag_Strat,Ag,May
1992,17.97335,EFR,Ag_Strat,Ag,May
1993,18.6533,EFR,Ag_Strat,Ag,May
1994,17.7835,EFR,Ag_Strat,Ag,May
1995,18.74717,EFR,Ag_Strat,Ag,May
1996,18.35755,EFR,Ag_Strat,Ag,May
1997,15.391275,EFR,Ag_Strat,Ag,May
1998,21.7019,EFR,Ag_Strat,Ag,May
1999,20.68868333,EFR,Ag_Strat,Ag,May
2000,19.72585,EFR,Ag_Strat,Ag,May
2001,20.420525,EFR,Ag_Strat,Ag,May
2002,18.86001,EFR,Ag_Strat,Ag,May
2003,19.46299444,EFR,Ag_Strat,Ag,May
2004,21.29491,EFR,Ag_Strat,Ag,May
2005,18.271475,EFR,Ag_Strat,Ag,May
2006,21.343875,EFR,Ag_Strat,Ag,May
2007,22.64718333,EFR,Ag_Strat,Ag,May
2008,18.864625,EFR,Ag_Strat,Ag,May
2009,21.56085,EFR,Ag_Strat,Ag,May
2010,20.77925,EFR,Ag_Strat,Ag,May
2012,22.80945,EFR,Ag_Strat,Ag,May
2016,19.34105,EFR,Ag_Strat,Ag,May
2017,20.55095,EFR,Ag_Strat,Ag,May
2018,21.7165,EFR,Ag_Strat,Ag,May
1989,18.28831,GRR,Ag_Strat,Ag,May
1990,16.212675,GRR,Ag_Strat,Ag,May
1991,21.015375,GRR,Ag_Strat,Ag,May
1993,19.48771667,GRR,Ag_Strat,Ag,May
1994,17.8581,GRR,Ag_Strat,Ag,May
1995,19.4804,GRR,Ag_Strat,Ag,May
1996,19.840375,GRR,Ag_Strat,Ag,May
1997,17.105575,GRR,Ag_Strat,Ag,May
1998,23.49495,GRR,Ag_Strat,Ag,May
1999,21.6365,GRR,Ag_Strat,Ag,May
2000,21.03231667,GRR,Ag_Strat,Ag,May
2001,22.23291,GRR,Ag_Strat,Ag,May
2002,19.76831,GRR,Ag_Strat,Ag,May
2003,19.74709,GRR,Ag_Strat,Ag,May
2004,22.5929,GRR,Ag_Strat,Ag,May
2005,20.694775,GRR,Ag_Strat,Ag,May
2006,20.42920714,GRR,Ag_Strat,Ag,May
2007,22.23841667,GRR,Ag_Strat,Ag,May
2008,18.81385,GRR,Ag_Strat,Ag,May
2009,20.495775,GRR,Ag_Strat,Ag,May
2010,20.95665,GRR,Ag_Strat,Ag,May
2016,21.23061,GRR,Ag_Strat,Ag,May
2017,21.54615,GRR,Ag_Strat,Ag,May
2018,23.35385,GRR,Ag_Strat,Ag,May
1989,15.62035,HTR,Ag_No_Strat,Ag,May
1990,16.92975,HTR,Ag_No_Strat,Ag,May
1991,19.36608333,HTR,Ag_No_Strat,Ag,May
1992,17.34675,HTR,Ag_No_Strat,Ag,May
1993,17.50039286,HTR,Ag_No_Strat,Ag,May
1995,15.36075,HTR,Ag_No_Strat,Ag,May
1996,13.83408333,HTR,Ag_No_Strat,Ag,May
1997,13.94908333,HTR,Ag_No_Strat,Ag,May
1998,22.50275,HTR,Ag_No_Strat,Ag,May
1999,18.75175,HTR,Ag_No_Strat,Ag,May
2000,18.26175,HTR,Ag_No_Strat,Ag,May
2001,19.94975,HTR,Ag_No_Strat,Ag,May
2002,15.54975,HTR,Ag_No_Strat,Ag,May
2003,14.90625,HTR,Ag_No_Strat,Ag,May
2004,19.6995,HTR,Ag_No_Strat,Ag,May
2005,18.8755,HTR,Ag_No_Strat,Ag,May
2006,18.07525,HTR,Ag_No_Strat,Ag,May
2007,19.4515,HTR,Ag_No_Strat,Ag,May
2008,16.47425,HTR,Ag_No_Strat,Ag,May
2009,18.70225,HTR,Ag_No_Strat,Ag,May
2010,19.5525,HTR,Ag_No_Strat,Ag,May
2016,16.7235,HTR,Ag_No_Strat,Ag,May
2018,23.05425,HTR,Ag_No_Strat,Ag,May
1989,16.4771,MNR,Forest,For,May
1990,15.9857,MNR,Forest,For,May
1991,21.90455,MNR,Forest,For,May
1992,18.60483333,MNR,Forest,For,May
1993,18.42663333,MNR,Forest,For,May
1994,17.9388,MNR,Forest,For,May
1995,18.4267,MNR,Forest,For,May
1996,17.56458,MNR,Forest,For,May
1997,16.43995,MNR,Forest,For,May
1998,20.7299,MNR,Forest,For,May
1999,19.8348,MNR,Forest,For,May
2000,19.32063333,MNR,Forest,For,May
2001,20.42955,MNR,Forest,For,May
2002,17.1654,MNR,Forest,For,May
2003,18.00682,MNR,Forest,For,May
2004,20.47465,MNR,Forest,For,May
2005,18.4452,MNR,Forest,For,May
2006,18.12803333,MNR,Forest,For,May
2007,21.0612,MNR,Forest,For,May
2008,16.93176667,MNR,Forest,For,May
2009,20.0355,MNR,Forest,For,May
2010,19.81603333,MNR,Forest,For,May
2016,19.03645,MNR,Forest,For,May
2017,18.50595,MNR,Forest,For,May
2018,20.07255,MNR,Forest,For,May
1989,14.92486,MSR,Ag_No_Strat,Ag,May
1990,14.1345,MSR,Ag_No_Strat,Ag,May
1991,18.74225,MSR,Ag_No_Strat,Ag,May
1992,15.9296,MSR,Ag_No_Strat,Ag,May
1993,16.5618,MSR,Ag_No_Strat,Ag,May
1994,16.96303333,MSR,Ag_No_Strat,Ag,May
1995,15.30894,MSR,Ag_No_Strat,Ag,May
1996,13.88807143,MSR,Ag_No_Strat,Ag,May
1997,13.31725,MSR,Ag_No_Strat,Ag,May
1998,21.3771,MSR,Ag_No_Strat,Ag,May
1999,18.2595,MSR,Ag_No_Strat,Ag,May
2000,18.66843333,MSR,Ag_No_Strat,Ag,May
2001,17.7116,MSR,Ag_No_Strat,Ag,May
2002,12.0493,MSR,Ag_No_Strat,Ag,May
2003,17.2317,MSR,Ag_No_Strat,Ag,May
2004,18.9141,MSR,Ag_No_Strat,Ag,May
2005,14.89776667,MSR,Ag_No_Strat,Ag,May
2006,17.05,MSR,Ag_No_Strat,Ag,May
2007,20.1197,MSR,Ag_No_Strat,Ag,May
2008,15.6986,MSR,Ag_No_Strat,Ag,May
2009,18.2236,MSR,Ag_No_Strat,Ag,May
2010,17.8148,MSR,Ag_No_Strat,Ag,May
2016,16.8986,MSR,Ag_No_Strat,Ag,May
2018,19.66936667,MSR,Ag_No_Strat,Ag,May
1989,19.58343,NRR,Ag_No_Strat,Ag,May
1990,17.211775,NRR,Ag_No_Strat,Ag,May
1991,21.877375,NRR,Ag_No_Strat,Ag,May
1992,20.26811667,NRR,Ag_No_Strat,Ag,May
1993,20.43065,NRR,Ag_No_Strat,Ag,May
1994,18.83601667,NRR,Ag_No_Strat,Ag,May
1995,17.450725,NRR,Ag_No_Strat,Ag,May
1996,17.89535,NRR,Ag_No_Strat,Ag,May
1997,14.26095,NRR,Ag_No_Strat,Ag,May
1998,17.4469,NRR,Ag_No_Strat,Ag,May
1999,22.39176429,NRR,Ag_No_Strat,Ag,May
2000,20.65351,NRR,Ag_No_Strat,Ag,May
2001,22.67752778,NRR,Ag_No_Strat,Ag,May
2002,19.44467,NRR,Ag_No_Strat,Ag,May
2003,21.09845,NRR,Ag_No_Strat,Ag,May
2004,21.69029,NRR,Ag_No_Strat,Ag,May
2005,20.564775,NRR,Ag_No_Strat,Ag,May
2006,20.47343,NRR,Ag_No_Strat,Ag,May
2007,22.23381667,NRR,Ag_No_Strat,Ag,May
2008,18.752375,NRR,Ag_No_Strat,Ag,May
2009,20.563325,NRR,Ag_No_Strat,Ag,May
2010,21.5562,NRR,Ag_No_Strat,Ag,May
2016,21.24208333,NRR,Ag_No_Strat,Ag,May
2017,20.60365,NRR,Ag_No_Strat,Ag,May
2018,22.26301667,NRR,Ag_No_Strat,Ag,May
1989,17.43715,PRR,Forest,For,May
1990,16.82905,PRR,Forest,For,May
1991,21.99525,PRR,Forest,For,May
1992,17.99745,PRR,Forest,For,May
1993,17.14111667,PRR,Forest,For,May
1994,18.866425,PRR,Forest,For,May
1995,20.3063,PRR,Forest,For,May
1996,17.72761667,PRR,Forest,For,May
1997,16.849175,PRR,Forest,For,May
1998,23.05145,PRR,Forest,For,May
1999,20.1467,PRR,Forest,For,May
2000,20.353825,PRR,Forest,For,May
2001,22.29635,PRR,Forest,For,May
2002,19.49525,PRR,Forest,For,May
2003,18.9562,PRR,Forest,For,May
2004,21.8219,PRR,Forest,For,May
2005,20.06715,PRR,Forest,For,May
2006,18.828825,PRR,Forest,For,May
2007,21.23891667,PRR,Forest,For,May
2008,17.41715,PRR,Forest,For,May
2009,20.15905,PRR,Forest,For,May
2010,23.099175,PRR,Forest,For,May
2016,17.25475,PRR,Forest,For,May
2017,21.0845,PRR,Forest,For,May
2018,22.3095,PRR,Forest,For,May
1989,18.93288,RRR,Ag_Strat,Ag,May
1990,17.4049,RRR,Ag_Strat,Ag,May
1991,22.4515,RRR,Ag_Strat,Ag,May
1992,19.69626667,RRR,Ag_Strat,Ag,May
1993,20.7943,RRR,Ag_Strat,Ag,May
1994,20.4832,RRR,Ag_Strat,Ag,May
1995,20.6273,RRR,Ag_Strat,Ag,May
1996,21.21048,RRR,Ag_Strat,Ag,May
1997,18.575,RRR,Ag_Strat,Ag,May
1998,22.178,RRR,Ag_Strat,Ag,May
1999,23.5568,RRR,Ag_Strat,Ag,May
2000,20.3144,RRR,Ag_Strat,Ag,May
2001,23.3644,RRR,Ag_Strat,Ag,May
2002,20.46946667,RRR,Ag_Strat,Ag,May
2003,21.1038,RRR,Ag_Strat,Ag,May
2004,22.3528,RRR,Ag_Strat,Ag,May
2005,21.4106,RRR,Ag_Strat,Ag,May
2006,20.6644,RRR,Ag_Strat,Ag,May
2007,22.5772,RRR,Ag_Strat,Ag,May
2008,19.17093333,RRR,Ag_Strat,Ag,May
2009,21.3652,RRR,Ag_Strat,Ag,May
2010,22.36,RRR,Ag_Strat,Ag,May
2016,21.9448,RRR,Ag_Strat,Ag,May
2017,22.976,RRR,Ag_Strat,Ag,May
2018,24.2007,RRR,Ag_Strat,Ag,May
1989,15.48925,SRR,Ag_No_Strat,Ag,May
1990,15.23165,SRR,Ag_No_Strat,Ag,May
1991,19.41160714,SRR,Ag_No_Strat,Ag,May
1992,16.5855,SRR,Ag_No_Strat,Ag,May
1993,17.947,SRR,Ag_No_Strat,Ag,May
1994,14.79946429,SRR,Ag_No_Strat,Ag,May
1995,15.11715,SRR,Ag_No_Strat,Ag,May
1996,15.16045,SRR,Ag_No_Strat,Ag,May
1997,13.5345,SRR,Ag_No_Strat,Ag,May
1998,22.19325,SRR,Ag_No_Strat,Ag,May
1999,18.34325,SRR,Ag_No_Strat,Ag,May
2000,19.08058333,SRR,Ag_No_Strat,Ag,May
2001,20.72425,SRR,Ag_No_Strat,Ag,May
2002,15.203,SRR,Ag_No_Strat,Ag,May
2003,18.1045,SRR,Ag_No_Strat,Ag,May
2004,18.7825,SRR,Ag_No_Strat,Ag,May
2005,16.647,SRR,Ag_No_Strat,Ag,May
2006,18.2235,SRR,Ag_No_Strat,Ag,May
2007,19.59925,SRR,Ag_No_Strat,Ag,May
2008,16.27875,SRR,Ag_No_Strat,Ag,May
2009,18.23025,SRR,Ag_No_Strat,Ag,May
2010,18.2325,SRR,Ag_No_Strat,Ag,May
2016,16.1045,SRR,Ag_No_Strat,Ag,May
2017,16.71591667,SRR,Ag_No_Strat,Ag,May
2018,19.73308333,SRR,Ag_No_Strat,Ag,May
1989,17.18174,TAR,Ag_Strat,Ag,May
1990,17.5287,TAR,Ag_Strat,Ag,May
1991,21.5777,TAR,Ag_Strat,Ag,May
1992,19.54423333,TAR,Ag_Strat,Ag,May
1993,20.42683333,TAR,Ag_Strat,Ag,May
1994,19.10086,TAR,Ag_Strat,Ag,May
1995,19.2076,TAR,Ag_Strat,Ag,May
1996,20.244,TAR,Ag_Strat,Ag,May
1997,16.57445,TAR,Ag_Strat,Ag,May
1998,22.8032,TAR,Ag_Strat,Ag,May
1999,21.49706667,TAR,Ag_Strat,Ag,May
2000,20.4156,TAR,Ag_Strat,Ag,May
2001,23.63696667,TAR,Ag_Strat,Ag,May
2002,18.3739,TAR,Ag_Strat,Ag,May
2003,18.6744,TAR,Ag_Strat,Ag,May
2004,22.01305,TAR,Ag_Strat,Ag,May
2005,20.26355,TAR,Ag_Strat,Ag,May
2006,19.00105,TAR,Ag_Strat,Ag,May
2007,21.62096667,TAR,Ag_Strat,Ag,May
2008,18.74945,TAR,Ag_Strat,Ag,May
2009,21.37346,TAR,Ag_Strat,Ag,May
2010,22.27985,TAR,Ag_Strat,Ag,May
2012,25.41955,TAR,Ag_Strat,Ag,May
2016,20.3304,TAR,Ag_Strat,Ag,May
2017,21.61376667,TAR,Ag_Strat,Ag,May
2018,23.51376667,TAR,Ag_Strat,Ag,May
1989,24.6643,BHR,Forest,For,June
1990,24.5,BHR,Forest,For,June
1991,26.6232,BHR,Forest,For,June
1992,23.2697,BHR,Forest,For,June
1993,25.41624,BHR,Forest,For,June
1994,28.0161,BHR,Forest,For,June
1995,25.4634,BHR,Forest,For,June
1996,26.1741,BHR,Forest,For,June
1997,23.4473,BHR,Forest,For,June
1998,27.0142,BHR,Forest,For,June
1999,26.7848,BHR,Forest,For,June
2000,27.2206,BHR,Forest,For,June
2001,24.8696,BHR,Forest,For,June
2002,28.5168,BHR,Forest,For,June
2003,23.8143,BHR,Forest,For,June
2004,27.00506667,BHR,Forest,For,June
2005,26.108,BHR,Forest,For,June
2006,25.983,BHR,Forest,For,June
2007,25.842,BHR,Forest,For,June
2008,26.8258,BHR,Forest,For,June
2009,26.5232,BHR,Forest,For,June
2010,27.0056,BHR,Forest,For,June
2016,27.2706,BHR,Forest,For,June
2017,25.56,BHR,Forest,For,June
2018,26.9688,BHR,Forest,For,June
1989,26.0625,BRR,Ag_Strat,Ag,June
1990,24.996,BRR,Ag_Strat,Ag,June
1991,27.242,BRR,Ag_Strat,Ag,June
1992,23.687,BRR,Ag_Strat,Ag,June
1993,26.09908333,BRR,Ag_Strat,Ag,June
1994,26.854,BRR,Ag_Strat,Ag,June
1995,26.125,BRR,Ag_Strat,Ag,June
1996,25.817,BRR,Ag_Strat,Ag,June
1997,23.341,BRR,Ag_Strat,Ag,June
1998,26.12005,BRR,Ag_Strat,Ag,June
1999,26.62685,BRR,Ag_Strat,Ag,June
2000,26.33295,BRR,Ag_Strat,Ag,June
2001,25.912875,BRR,Ag_Strat,Ag,June
2002,27.01685,BRR,Ag_Strat,Ag,June
2003,23.92525,BRR,Ag_Strat,Ag,June
2004,26.63666667,BRR,Ag_Strat,Ag,June
2005,26.69365,BRR,Ag_Strat,Ag,June
2006,26.05825,BRR,Ag_Strat,Ag,June
2007,26.996,BRR,Ag_Strat,Ag,June
2008,26.22325,BRR,Ag_Strat,Ag,June
2009,26.65558333,BRR,Ag_Strat,Ag,June
2010,28.68241667,BRR,Ag_Strat,Ag,June
2015,26.39875,BRR,Ag_Strat,Ag,June
2016,27.59075,BRR,Ag_Strat,Ag,June
2017,26.1495,BRR,Ag_Strat,Ag,June
2018,27.76625,BRR,Ag_Strat,Ag,June
1989,23.88408333,BVR,Ag_Strat,Ag,June
1990,19.150375,BVR,Ag_Strat,Ag,June
1991,26.76685,BVR,Ag_Strat,Ag,June
1992,18.06255,BVR,Ag_Strat,Ag,June
1994,24.44531667,BVR,Ag_Strat,Ag,June
1995,23.69045,BVR,Ag_Strat,Ag,June
1996,23.46498333,BVR,Ag_Strat,Ag,June
1997,20.29781667,BVR,Ag_Strat,Ag,June
1998,22.8147,BVR,Ag_Strat,Ag,June
1999,24.17965,BVR,Ag_Strat,Ag,June
2000,24.49265,BVR,Ag_Strat,Ag,June
2001,24.58358333,BVR,Ag_Strat,Ag,June
2002,24.76307,BVR,Ag_Strat,Ag,June
2003,20.81935,BVR,Ag_Strat,Ag,June
2004,24.65368333,BVR,Ag_Strat,Ag,June
2005,24.40368333,BVR,Ag_Strat,Ag,June
2006,24.81005,BVR,Ag_Strat,Ag,June
2007,25.2456,BVR,Ag_Strat,Ag,June
2008,24.030525,BVR,Ag_Strat,Ag,June
2009,24.851825,BVR,Ag_Strat,Ag,June
2010,25.71985,BVR,Ag_Strat,Ag,June
2012,25.79345,BVR,Ag_Strat,Ag,June
2016,24.6544,BVR,Ag_Strat,Ag,June
2017,23.5912,BVR,Ag_Strat,Ag,June
2018,27.58895,BVR,Ag_Strat,Ag,June
1989,22.99035,CBR,Ag_No_Strat,Ag,June
1990,20.20175,CBR,Ag_No_Strat,Ag,June
1991,24.982675,CBR,Ag_No_Strat,Ag,June
1992,20.29541667,CBR,Ag_No_Strat,Ag,June
1993,21.974925,CBR,Ag_No_Strat,Ag,June
1994,24.1299,CBR,Ag_No_Strat,Ag,June
1995,21.99579,CBR,Ag_No_Strat,Ag,June
1996,21.36081667,CBR,Ag_No_Strat,Ag,June
1997,19.8731,CBR,Ag_No_Strat,Ag,June
1998,22.96655,CBR,Ag_No_Strat,Ag,June
1999,23.36193,CBR,Ag_No_Strat,Ag,June
2000,23.54579,CBR,Ag_No_Strat,Ag,June
2001,23.2125,CBR,Ag_No_Strat,Ag,June
2002,23.70959,CBR,Ag_No_Strat,Ag,June
2003,20.77129,CBR,Ag_No_Strat,Ag,June
2004,23.01041,CBR,Ag_No_Strat,Ag,June
2005,23.78427,CBR,Ag_No_Strat,Ag,June
2006,23.79737,CBR,Ag_No_Strat,Ag,June
2007,24.317325,CBR,Ag_No_Strat,Ag,June
2008,22.81883,CBR,Ag_No_Strat,Ag,June
2009,23.7913,CBR,Ag_No_Strat,Ag,June
2010,24.41123,CBR,Ag_No_Strat,Ag,June
2012,23.18625,CBR,Ag_No_Strat,Ag,June
2016,24.45745,CBR,Ag_No_Strat,Ag,June
2017,22.97965,CBR,Ag_No_Strat,Ag,June
2018,26.86445,CBR,Ag_No_Strat,Ag,June
1989,22.8669,CCK,Ag_Strat,Ag,June
1990,21.9647,CCK,Ag_Strat,Ag,June
1991,24.433825,CCK,Ag_Strat,Ag,June
1992,22.98581667,CCK,Ag_Strat,Ag,June
1993,21.8338,CCK,Ag_Strat,Ag,June
1994,25.4054,CCK,Ag_Strat,Ag,June
1995,25.7294,CCK,Ag_Strat,Ag,June
1996,23.436025,CCK,Ag_Strat,Ag,June
1997,23.17205,CCK,Ag_Strat,Ag,June
1998,23.151475,CCK,Ag_Strat,Ag,June
1999,24.66568333,CCK,Ag_Strat,Ag,June
2000,23.72735,CCK,Ag_Strat,Ag,June
2001,22.45265,CCK,Ag_Strat,Ag,June
2002,24.86985,CCK,Ag_Strat,Ag,June
2003,22.31545,CCK,Ag_Strat,Ag,June
2004,24.19147,CCK,Ag_Strat,Ag,June
2005,24.63895,CCK,Ag_Strat,Ag,June
2006,23.815425,CCK,Ag_Strat,Ag,June
2007,24.71985,CCK,Ag_Strat,Ag,June
2008,23.68478333,CCK,Ag_Strat,Ag,June
2010,24.93849,CCK,Ag_Strat,Ag,June
2016,27.5,CCK,Ag_Strat,Ag,June
2017,24.84171667,CCK,Ag_Strat,Ag,June
2018,25.22305,CCK,Ag_Strat,Ag,June
1989,24.3094,CFK,Forest,For,June
1990,25.0625,CFK,Forest,For,June
1991,26.9781,CFK,Forest,For,June
1992,24.0751,CFK,Forest,For,June
1993,25.2878,CFK,Forest,For,June
1994,25.1149,CFK,Forest,For,June
1995,24.3641,CFK,Forest,For,June
1996,25.9703,CFK,Forest,For,June
1997,24.5226,CFK,Forest,For,June
1998,26.439,CFK,Forest,For,June
1999,26.2726,CFK,Forest,For,June
2000,25.3602,CFK,Forest,For,June
2001,25.11406667,CFK,Forest,For,June
2002,26.6218,CFK,Forest,For,June
2003,24.05366667,CFK,Forest,For,June
2004,24.7915,CFK,Forest,For,June
2005,27.7626,CFK,Forest,For,June
2006,25.378,CFK,Forest,For,June
2007,26.07766667,CFK,Forest,For,June
2008,24.065,CFK,Forest,For,June
2009,24.875,CFK,Forest,For,June
2010,28.9266,CFK,Forest,For,June
2016,27.4,CFK,Forest,For,June
2017,26.0669,CFK,Forest,For,June
2018,27.411,CFK,Forest,For,June
1989,24.765625,CHL,Ag_No_Strat,Ag,June
1990,21.90625,CHL,Ag_No_Strat,Ag,June
1991,27.44375,CHL,Ag_No_Strat,Ag,June
1992,23.64375,CHL,Ag_No_Strat,Ag,June
1993,22.59625,CHL,Ag_No_Strat,Ag,June
1994,25.59375,CHL,Ag_No_Strat,Ag,June
1995,23.275,CHL,Ag_No_Strat,Ag,June
1996,23.371875,CHL,Ag_No_Strat,Ag,June
1997,21.771875,CHL,Ag_No_Strat,Ag,June
1998,23.79375,CHL,Ag_No_Strat,Ag,June
1999,23.96458333,CHL,Ag_No_Strat,Ag,June
2000,24.1625,CHL,Ag_No_Strat,Ag,June
2001,25.15625,CHL,Ag_No_Strat,Ag,June
2002,24.51875,CHL,Ag_No_Strat,Ag,June
2003,22.01875,CHL,Ag_No_Strat,Ag,June
2004,25.23541667,CHL,Ag_No_Strat,Ag,June
2005,24.90625,CHL,Ag_No_Strat,Ag,June
2006,25.61458333,CHL,Ag_No_Strat,Ag,June
2007,24.66875,CHL,Ag_No_Strat,Ag,June
2008,23.71041667,CHL,Ag_No_Strat,Ag,June
2009,26.28958333,CHL,Ag_No_Strat,Ag,June
2010,26.42708333,CHL,Ag_No_Strat,Ag,June
2016,27.34375,CHL,Ag_No_Strat,Ag,June
2017,24.99375,CHL,Ag_No_Strat,Ag,June
2018,26.49791667,CHL,Ag_No_Strat,Ag,June
1989,24.853,CMR,Ag_No_Strat,Ag,June
1990,23.839,CMR,Ag_No_Strat,Ag,June
1991,27.081625,CMR,Ag_No_Strat,Ag,June
1992,24.347,CMR,Ag_No_Strat,Ag,June
1993,23.851375,CMR,Ag_No_Strat,Ag,June
1994,25.55,CMR,Ag_No_Strat,Ag,June
1995,25.3155,CMR,Ag_No_Strat,Ag,June
1997,22.6985,CMR,Ag_No_Strat,Ag,June
1998,23.8425,CMR,Ag_No_Strat,Ag,June
1999,24.29658333,CMR,Ag_No_Strat,Ag,June
2000,24.77991667,CMR,Ag_No_Strat,Ag,June
2001,23.46025,CMR,Ag_No_Strat,Ag,June
2002,25.30875,CMR,Ag_No_Strat,Ag,June
2003,23.344,CMR,Ag_No_Strat,Ag,June
2004,26.24658333,CMR,Ag_No_Strat,Ag,June
2005,27.15,CMR,Ag_No_Strat,Ag,June
2006,25.75158333,CMR,Ag_No_Strat,Ag,June
2007,26.559,CMR,Ag_No_Strat,Ag,June
2008,26.34825,CMR,Ag_No_Strat,Ag,June
2009,25.834,CMR,Ag_No_Strat,Ag,June
2010,26.98225,CMR,Ag_No_Strat,Ag,June
2016,27.07108333,CMR,Ag_No_Strat,Ag,June
2017,24.73775,CMR,Ag_No_Strat,Ag,June
2018,27.20275,CMR,Ag_No_Strat,Ag,June
1989,24.9709,CRR,Forest,For,June
1990,23.2625,CRR,Forest,For,June
1991,25.8916,CRR,Forest,For,June
1992,21.6211,CRR,Forest,For,June
1993,24.06623,CRR,Forest,For,June
1994,25.792825,CRR,Forest,For,June
1995,24.0709,CRR,Forest,For,June
1996,25.7416,CRR,Forest,For,June
1997,22.061275,CRR,Forest,For,June
1998,25.12459,CRR,Forest,For,June
1999,26.70443,CRR,Forest,For,June
2000,25.825,CRR,Forest,For,June
2001,24.20491667,CRR,Forest,For,June
2002,26.36361,CRR,Forest,For,June
2003,23.59603333,CRR,Forest,For,June
2004,25.95185,CRR,Forest,For,June
2005,25.28279,CRR,Forest,For,June
2006,24.321925,CRR,Forest,For,June
2007,25.7666,CRR,Forest,For,June
2008,24.92295,CRR,Forest,For,June
2009,24.844875,CRR,Forest,For,June
2010,26.49808333,CRR,Forest,For,June
2016,26.23525,CRR,Forest,For,June
2017,25.3236,CRR,Forest,For,June
2018,27.55165,CRR,Forest,For,June
1989,24.1408,EFR,Ag_Strat,Ag,June
1990,23.055425,EFR,Ag_Strat,Ag,June
1991,26.752125,EFR,Ag_Strat,Ag,June
1992,23.37925,EFR,Ag_Strat,Ag,June
1993,24.67453,EFR,Ag_Strat,Ag,June
1994,24.74575,EFR,Ag_Strat,Ag,June
1995,25.0908,EFR,Ag_Strat,Ag,June
1996,24.302125,EFR,Ag_Strat,Ag,June
1997,22.89245,EFR,Ag_Strat,Ag,June
1998,23.47547,EFR,Ag_Strat,Ag,June
1999,26.11729444,EFR,Ag_Strat,Ag,June
2000,25.28491,EFR,Ag_Strat,Ag,June
2001,24.47641,EFR,Ag_Strat,Ag,June
2002,26.80415,EFR,Ag_Strat,Ag,June
2003,23.26831,EFR,Ag_Strat,Ag,June
2004,24.7684,EFR,Ag_Strat,Ag,June
2005,26.02113,EFR,Ag_Strat,Ag,June
2006,25.84811,EFR,Ag_Strat,Ag,June
2007,24.97665,EFR,Ag_Strat,Ag,June
2008,25.66113,EFR,Ag_Strat,Ag,June
2009,24.98415,EFR,Ag_Strat,Ag,June
2010,26.47358333,EFR,Ag_Strat,Ag,June
2012,26.00095,EFR,Ag_Strat,Ag,June
2015,26.42075,EFR,Ag_Strat,Ag,June
2016,25.81085,EFR,Ag_Strat,Ag,June
2017,25.9359,EFR,Ag_Strat,Ag,June
2018,27.09308333,EFR,Ag_Strat,Ag,June
1989,24.89933,GRR,Ag_Strat,Ag,June
1990,23.8502,GRR,Ag_Strat,Ag,June
1991,25.8004,GRR,Ag_Strat,Ag,June
1992,22.1994,GRR,Ag_Strat,Ag,June
1993,24.84365,GRR,Ag_Strat,Ag,June
1994,26.4248,GRR,Ag_Strat,Ag,June
1995,26.425,GRR,Ag_Strat,Ag,June
1996,26.51475,GRR,Ag_Strat,Ag,June
1997,22.34115,GRR,Ag_Strat,Ag,June
1998,26.11377,GRR,Ag_Strat,Ag,June
1999,25.97639,GRR,Ag_Strat,Ag,June
2000,25.95423333,GRR,Ag_Strat,Ag,June
2001,25.096325,GRR,Ag_Strat,Ag,June
2002,26.98155,GRR,Ag_Strat,Ag,June
2003,24.20591,GRR,Ag_Strat,Ag,June
2004,26.16938333,GRR,Ag_Strat,Ag,June
2005,26.53095,GRR,Ag_Strat,Ag,June
2006,25.534225,GRR,Ag_Strat,Ag,June
2007,27.01567857,GRR,Ag_Strat,Ag,June
2008,25.71853,GRR,Ag_Strat,Ag,June
2009,26.94885,GRR,Ag_Strat,Ag,June
2010,28.40901,GRR,Ag_Strat,Ag,June
2015,27.44185,GRR,Ag_Strat,Ag,June
2016,28.3121,GRR,Ag_Strat,Ag,June
2017,25.97213,GRR,Ag_Strat,Ag,June
2018,28.165575,GRR,Ag_Strat,Ag,June
1989,22.018625,HTR,Ag_No_Strat,Ag,June
1990,20.177625,HTR,Ag_No_Strat,Ag,June
1991,23.75825,HTR,Ag_No_Strat,Ag,June
1992,22.95575,HTR,Ag_No_Strat,Ag,June
1993,20.75375,HTR,Ag_No_Strat,Ag,June
1995,22.922125,HTR,Ag_No_Strat,Ag,June
1996,23.36175,HTR,Ag_No_Strat,Ag,June
1997,24.3745,HTR,Ag_No_Strat,Ag,June
1998,25.88475,HTR,Ag_No_Strat,Ag,June
1999,23.29458333,HTR,Ag_No_Strat,Ag,June
2001,22.1895,HTR,Ag_No_Strat,Ag,June
2002,24.93775,HTR,Ag_No_Strat,Ag,June
2003,21.182,HTR,Ag_No_Strat,Ag,June
2004,25.25575,HTR,Ag_No_Strat,Ag,June
2005,24.36625,HTR,Ag_No_Strat,Ag,June
2006,23.46575,HTR,Ag_No_Strat,Ag,June
2007,26.86975,HTR,Ag_No_Strat,Ag,June
2008,23.3035,HTR,Ag_No_Strat,Ag,June
2009,25.57641667,HTR,Ag_No_Strat,Ag,June
2010,22.9535,HTR,Ag_No_Strat,Ag,June
2012,24.24525,HTR,Ag_No_Strat,Ag,June
2016,24.0715,HTR,Ag_No_Strat,Ag,June
2017,24.54075,HTR,Ag_No_Strat,Ag,June
2018,22.94425,HTR,Ag_No_Strat,Ag,June
1989,24.2762,MNR,Forest,For,June
1990,22.1881,MNR,Forest,For,June
1991,26.553575,MNR,Forest,For,June
1992,24.2238,MNR,Forest,For,June
1993,23.94585,MNR,Forest,For,June
1994,26.33857,MNR,Forest,For,June
1995,24.9387,MNR,Forest,For,June
1996,22.92221667,MNR,Forest,For,June
1997,21.9369,MNR,Forest,For,June
1998,24.05635,MNR,Forest,For,June
1999,25.728,MNR,Forest,For,June
2000,24.74465,MNR,Forest,For,June
2001,23.68523,MNR,Forest,For,June
2002,25.64285,MNR,Forest,For,June
2003,22.739875,MNR,Forest,For,June
2004,25.50715,MNR,Forest,For,June
2005,25.63971667,MNR,Forest,For,June
2006,25.78333,MNR,Forest,For,June
2007,25.1137,MNR,Forest,For,June
2009,26.9375,MNR,Forest,For,June
2010,27.1988,MNR,Forest,For,June
2016,26.74905,MNR,Forest,For,June
2017,25.3268,MNR,Forest,For,June
2018,26.59661,MNR,Forest,For,June
1989,22.275,MSR,Ag_No_Strat,Ag,June
1990,20.1494,MSR,Ag_No_Strat,Ag,June
1991,25.3488,MSR,Ag_No_Strat,Ag,June
1992,18.37333333,MSR,Ag_No_Strat,Ag,June
1993,19.82696,MSR,Ag_No_Strat,Ag,June
1994,24.6906,MSR,Ag_No_Strat,Ag,June
1995,23.2314,MSR,Ag_No_Strat,Ag,June
1996,22.6427,MSR,Ag_No_Strat,Ag,June
1997,20.2674,MSR,Ag_No_Strat,Ag,June
1998,22.7464,MSR,Ag_No_Strat,Ag,June
1999,23.4323,MSR,Ag_No_Strat,Ag,June
2000,21.986,MSR,Ag_No_Strat,Ag,June
2001,24.4524,MSR,Ag_No_Strat,Ag,June
2002,23.347,MSR,Ag_No_Strat,Ag,June
2003,22.3128,MSR,Ag_No_Strat,Ag,June
2004,22.75346667,MSR,Ag_No_Strat,Ag,June
2005,25.8652,MSR,Ag_No_Strat,Ag,June
2006,24.4488,MSR,Ag_No_Strat,Ag,June
2007,23.889,MSR,Ag_No_Strat,Ag,June
2008,21.30466667,MSR,Ag_No_Strat,Ag,June
2009,24.014,MSR,Ag_No_Strat,Ag,June
2010,26.32053333,MSR,Ag_No_Strat,Ag,June
2012,23.3556,MSR,Ag_No_Strat,Ag,June
2016,24.50386667,MSR,Ag_No_Strat,Ag,June
2017,22.842,MSR,Ag_No_Strat,Ag,June
2018,23.2902,MSR,Ag_No_Strat,Ag,June
1989,24.8875,NRR,Ag_No_Strat,Ag,June
1990,24.3498,NRR,Ag_No_Strat,Ag,June
1991,27.0371,NRR,Ag_No_Strat,Ag,June
1992,23.8256,NRR,Ag_No_Strat,Ag,June
1993,25.10635,NRR,Ag_No_Strat,Ag,June
1994,25.2752,NRR,Ag_No_Strat,Ag,June
1995,23.95,NRR,Ag_No_Strat,Ag,June
1996,23.1746,NRR,Ag_No_Strat,Ag,June
1997,19.75389,NRR,Ag_No_Strat,Ag,June
1998,21.4631,NRR,Ag_No_Strat,Ag,June
1999,26.54545,NRR,Ag_No_Strat,Ag,June
2000,25.928175,NRR,Ag_No_Strat,Ag,June
2001,25.38840556,NRR,Ag_No_Strat,Ag,June
2002,26.61845,NRR,Ag_No_Strat,Ag,June
2003,23.97883333,NRR,Ag_No_Strat,Ag,June
2004,26.24305,NRR,Ag_No_Strat,Ag,June
2005,26.6328,NRR,Ag_No_Strat,Ag,June
2006,26.39405,NRR,Ag_No_Strat,Ag,June
2007,26.09055,NRR,Ag_No_Strat,Ag,June
2008,26.23897,NRR,Ag_No_Strat,Ag,June
2009,26.91666667,NRR,Ag_No_Strat,Ag,June
2010,27.93373,NRR,Ag_No_Strat,Ag,June
2011,26.19405,NRR,Ag_No_Strat,Ag,June
2015,26.88295,NRR,Ag_No_Strat,Ag,June
2016,26.10435,NRR,Ag_No_Strat,Ag,June
2017,25.2881,NRR,Ag_No_Strat,Ag,June
2018,27.3758,NRR,Ag_No_Strat,Ag,June
1989,24.1388,PRR,Forest,For,June
1990,23.214875,PRR,Forest,For,June
1991,27.225,PRR,Forest,For,June
1992,24.1362,PRR,Forest,For,June
1993,25.910575,PRR,Forest,For,June
1994,24.93231667,PRR,Forest,For,June
1995,25.46577,PRR,Forest,For,June
1996,25.11595,PRR,Forest,For,June
1997,23.501075,PRR,Forest,For,June
1998,24.6086,PRR,Forest,For,June
1999,24.812725,PRR,Forest,For,June
2000,25.08165,PRR,Forest,For,June
2001,25.57845,PRR,Forest,For,June
2002,27.398925,PRR,Forest,For,June
2003,23.106675,PRR,Forest,For,June
2004,26.08043,PRR,Forest,For,June
2005,26.20577,PRR,Forest,For,June
2006,25.9875,PRR,Forest,For,June
2007,25.895475,PRR,Forest,For,June
2008,25.704525,PRR,Forest,For,June
2009,26.8069,PRR,Forest,For,June
2010,29.9431,PRR,Forest,For,June
2016,27.31765,PRR,Forest,For,June
2017,25.49468333,PRR,Forest,For,June
2018,26.61278333,PRR,Forest,For,June
1989,25.9375,RRR,Ag_Strat,Ag,June
1990,24.9144,RRR,Ag_Strat,Ag,June
1991,27.4038,RRR,Ag_Strat,Ag,June
1992,23.1818,RRR,Ag_Strat,Ag,June
1993,27.19035,RRR,Ag_Strat,Ag,June
1994,26.6731,RRR,Ag_Strat,Ag,June
1995,25.775,RRR,Ag_Strat,Ag,June
1996,26.6038,RRR,Ag_Strat,Ag,June
1997,23.50655,RRR,Ag_Strat,Ag,June
1998,26.89678333,RRR,Ag_Strat,Ag,June
1999,26.88138333,RRR,Ag_Strat,Ag,June
2000,26.73085,RRR,Ag_Strat,Ag,June
2001,25.63528333,RRR,Ag_Strat,Ag,June
2002,25.91725,RRR,Ag_Strat,Ag,June
2003,23.68771667,RRR,Ag_Strat,Ag,June
2004,26.252925,RRR,Ag_Strat,Ag,June
2005,26.2038,RRR,Ag_Strat,Ag,June
2006,25.67485,RRR,Ag_Strat,Ag,June
2007,26.90585,RRR,Ag_Strat,Ag,June
2008,28.6981,RRR,Ag_Strat,Ag,June
2009,27.53781667,RRR,Ag_Strat,Ag,June
2010,28.66608333,RRR,Ag_Strat,Ag,June
2011,24.60995,RRR,Ag_Strat,Ag,June
2016,27.94161667,RRR,Ag_Strat,Ag,June
2017,27.5307,RRR,Ag_Strat,Ag,June
2018,29.5345,RRR,Ag_Strat,Ag,June
1989,23.183675,SRR,Ag_No_Strat,Ag,June
1990,21.953825,SRR,Ag_No_Strat,Ag,June
1991,26.9801,SRR,Ag_No_Strat,Ag,June
1992,20.73198333,SRR,Ag_No_Strat,Ag,June
1993,22.01939,SRR,Ag_No_Strat,Ag,June
1994,25.51088333,SRR,Ag_No_Strat,Ag,June
1995,24.21225,SRR,Ag_No_Strat,Ag,June
1996,22.86258333,SRR,Ag_No_Strat,Ag,June
1997,22.50068333,SRR,Ag_No_Strat,Ag,June
1998,21.92295,SRR,Ag_No_Strat,Ag,June
1999,25.55408333,SRR,Ag_No_Strat,Ag,June
2000,24.64695,SRR,Ag_No_Strat,Ag,June
2001,21.93775,SRR,Ag_No_Strat,Ag,June
2002,23.73911667,SRR,Ag_No_Strat,Ag,June
2003,21.70765,SRR,Ag_No_Strat,Ag,June
2004,23.5875,SRR,Ag_No_Strat,Ag,June
2005,23.6551,SRR,Ag_No_Strat,Ag,June
2006,24.68265,SRR,Ag_No_Strat,Ag,June
2007,24.25715,SRR,Ag_No_Strat,Ag,June
2008,24.8306,SRR,Ag_No_Strat,Ag,June
2009,23.41965,SRR,Ag_No_Strat,Ag,June
2010,25.546425,SRR,Ag_No_Strat,Ag,June
2016,24.50748333,SRR,Ag_No_Strat,Ag,June
2017,22.87195,SRR,Ag_No_Strat,Ag,June
2018,24.04185,SRR,Ag_No_Strat,Ag,June
1989,25.7375,TAR,Ag_Strat,Ag,June
1990,23.875,TAR,Ag_Strat,Ag,June
1991,27.4009,TAR,Ag_Strat,Ag,June
1992,23.8589,TAR,Ag_Strat,Ag,June
1993,24.25313,TAR,Ag_Strat,Ag,June
1994,26.6982,TAR,Ag_Strat,Ag,June
1995,26.606025,TAR,Ag_Strat,Ag,June
1996,24.5634,TAR,Ag_Strat,Ag,June
1997,22.59052143,TAR,Ag_Strat,Ag,June
1998,24.2214,TAR,Ag_Strat,Ag,June
1999,27.77365,TAR,Ag_Strat,Ag,June
2000,25.54903,TAR,Ag_Strat,Ag,June
2001,25.1384,TAR,Ag_Strat,Ag,June
2002,26.00078333,TAR,Ag_Strat,Ag,June
2003,24.03585,TAR,Ag_Strat,Ag,June
2004,26.36655,TAR,Ag_Strat,Ag,June
2005,26.4866,TAR,Ag_Strat,Ag,June
2006,26.07455,TAR,Ag_Strat,Ag,June
2007,26.594875,TAR,Ag_Strat,Ag,June
2008,25.99795,TAR,Ag_Strat,Ag,June
2009,26.8982,TAR,Ag_Strat,Ag,June
2010,27.9607,TAR,Ag_Strat,Ag,June
2011,25.3678,TAR,Ag_Strat,Ag,June
2012,26.7768,TAR,Ag_Strat,Ag,June
2016,27.4232,TAR,Ag_Strat,Ag,June
2017,25.26481667,TAR,Ag_Strat,Ag,June
2018,27.1714,TAR,Ag_Strat,Ag,June
1989,27.1132,BHR,Forest,For,July
1990,27.8436,BHR,Forest,For,July
1991,28.38533333,BHR,Forest,For,July
1992,27.7648,BHR,Forest,For,July
1993,30.903,BHR,Forest,For,July
1994,29.5831,BHR,Forest,For,July
1995,28.5963,BHR,Forest,For,July
1996,27.769,BHR,Forest,For,July
1997,28.3988,BHR,Forest,For,July
1998,28.60386667,BHR,Forest,For,July
1999,29.1088,BHR,Forest,For,July
2000,27.306,BHR,Forest,For,July
2001,27.15293333,BHR,Forest,For,July
2002,28.5648,BHR,Forest,For,July
2003,27.1694,BHR,Forest,For,July
2004,26.8884,BHR,Forest,For,July
2005,28.5778,BHR,Forest,For,July
2006,28.88533333,BHR,Forest,For,July
2007,27.3662,BHR,Forest,For,July
2008,27.3222,BHR,Forest,For,July
2009,26.9776,BHR,Forest,For,July
2010,27.5866,BHR,Forest,For,July
2014,27.3032,BHR,Forest,For,July
2016,29.6722,BHR,Forest,For,July
2017,28.7472,BHR,Forest,For,July
2018,27.7634,BHR,Forest,For,July
1989,27.78665,BRR,Ag_Strat,Ag,July
1990,27.97555,BRR,Ag_Strat,Ag,July
1991,28.765025,BRR,Ag_Strat,Ag,July
1992,27.6086,BRR,Ag_Strat,Ag,July
1993,29.8,BRR,Ag_Strat,Ag,July
1994,27.82775,BRR,Ag_Strat,Ag,July
1995,28.51665,BRR,Ag_Strat,Ag,July
1996,27.67445,BRR,Ag_Strat,Ag,July
1997,29.1547,BRR,Ag_Strat,Ag,July
1998,28.9836,BRR,Ag_Strat,Ag,July
1999,29.11445,BRR,Ag_Strat,Ag,July
2000,27.89665,BRR,Ag_Strat,Ag,July
2001,28.04555,BRR,Ag_Strat,Ag,July
2002,29.57023,BRR,Ag_Strat,Ag,July
2003,28.54179,BRR,Ag_Strat,Ag,July
2004,28.06335,BRR,Ag_Strat,Ag,July
2005,29.4164,BRR,Ag_Strat,Ag,July
2006,28.51509,BRR,Ag_Strat,Ag,July
2007,28.23977,BRR,Ag_Strat,Ag,July
2008,26.97591667,BRR,Ag_Strat,Ag,July
2009,27.2336,BRR,Ag_Strat,Ag,July
2010,29.69805,BRR,Ag_Strat,Ag,July
2013,27.81445,BRR,Ag_Strat,Ag,July
2016,29.42385,BRR,Ag_Strat,Ag,July
2017,29.85275,BRR,Ag_Strat,Ag,July
2018,28.75068333,BRR,Ag_Strat,Ag,July
1989,26.27065,BVR,Ag_Strat,Ag,July
1990,27.29494,BVR,Ag_Strat,Ag,July
1991,26.10645,BVR,Ag_Strat,Ag,July
1992,24.19683333,BVR,Ag_Strat,Ag,July
1994,25.6135,BVR,Ag_Strat,Ag,July
1995,26.12795,BVR,Ag_Strat,Ag,July
1996,26.5486,BVR,Ag_Strat,Ag,July
1997,26.85966,BVR,Ag_Strat,Ag,July
1998,27.09915,BVR,Ag_Strat,Ag,July
1999,27.60854,BVR,Ag_Strat,Ag,July
2000,26.19527143,BVR,Ag_Strat,Ag,July
2001,26.7009,BVR,Ag_Strat,Ag,July
2002,28.57135,BVR,Ag_Strat,Ag,July
2003,26.62696667,BVR,Ag_Strat,Ag,July
2004,25.27854,BVR,Ag_Strat,Ag,July
2005,27.77205,BVR,Ag_Strat,Ag,July
2006,27.6115,BVR,Ag_Strat,Ag,July
2007,26.39045,BVR,Ag_Strat,Ag,July
2008,25.65225,BVR,Ag_Strat,Ag,July
2009,25.64674,BVR,Ag_Strat,Ag,July
2010,28.54045,BVR,Ag_Strat,Ag,July
2015,25.6371,BVR,Ag_Strat,Ag,July
2016,26.8854,BVR,Ag_Strat,Ag,July
2017,26.60523333,BVR,Ag_Strat,Ag,July
2018,27.50376667,BVR,Ag_Strat,Ag,July
1989,26.125,CBR,Ag_No_Strat,Ag,July
1990,23.50531,CBR,Ag_No_Strat,Ag,July
1991,26.84935,CBR,Ag_No_Strat,Ag,July
1992,23.863925,CBR,Ag_No_Strat,Ag,July
1993,26.249675,CBR,Ag_No_Strat,Ag,July
1994,25.08545,CBR,Ag_No_Strat,Ag,July
1995,25.47638333,CBR,Ag_No_Strat,Ag,July
1996,24.99215,CBR,Ag_No_Strat,Ag,July
1997,25.559325,CBR,Ag_No_Strat,Ag,July
1998,25.755375,CBR,Ag_No_Strat,Ag,July
1999,27.29847,CBR,Ag_No_Strat,Ag,July
2000,24.57193333,CBR,Ag_No_Strat,Ag,July
2001,25.60329,CBR,Ag_No_Strat,Ag,July
2002,26.6068,CBR,Ag_No_Strat,Ag,July
2003,25.10241,CBR,Ag_No_Strat,Ag,July
2004,24.89035,CBR,Ag_No_Strat,Ag,July
2005,26.82417,CBR,Ag_No_Strat,Ag,July
2006,26.34598333,CBR,Ag_No_Strat,Ag,July
2007,25.40548333,CBR,Ag_No_Strat,Ag,July
2008,24.98311667,CBR,Ag_No_Strat,Ag,July
2009,25.08251667,CBR,Ag_No_Strat,Ag,July
2010,27.23873,CBR,Ag_No_Strat,Ag,July
2015,24.69935,CBR,Ag_No_Strat,Ag,July
2016,27.56075,CBR,Ag_No_Strat,Ag,July
2017,25.1772,CBR,Ag_No_Strat,Ag,July
2018,26.89621667,CBR,Ag_No_Strat,Ag,July
1989,26.8875,CCK,Ag_Strat,Ag,July
1990,26.46591667,CCK,Ag_Strat,Ag,July
1991,26.28545,CCK,Ag_Strat,Ag,July
1992,22.0041,CCK,Ag_Strat,Ag,July
1993,26.28545,CCK,Ag_Strat,Ag,July
1994,27.4472,CCK,Ag_Strat,Ag,July
1995,26.68395,CCK,Ag_Strat,Ag,July
1996,25.65066111,CCK,Ag_Strat,Ag,July
1997,27.63015,CCK,Ag_Strat,Ag,July
1998,27.77488333,CCK,Ag_Strat,Ag,July
1999,28.21283,CCK,Ag_Strat,Ag,July
2000,26.61045,CCK,Ag_Strat,Ag,July
2001,27.10955,CCK,Ag_Strat,Ag,July
2002,28.43523889,CCK,Ag_Strat,Ag,July
2003,25.82985,CCK,Ag_Strat,Ag,July
2004,25.3569,CCK,Ag_Strat,Ag,July
2005,27.67425,CCK,Ag_Strat,Ag,July
2006,27.755225,CCK,Ag_Strat,Ag,July
2007,25.6472,CCK,Ag_Strat,Ag,July
2008,25.87537,CCK,Ag_Strat,Ag,July
2009,24.85941,CCK,Ag_Strat,Ag,July
2010,27.71865,CCK,Ag_Strat,Ag,July
2015,26.02835,CCK,Ag_Strat,Ag,July
2016,28.07015,CCK,Ag_Strat,Ag,July
2018,28.393775,CCK,Ag_Strat,Ag,July
1989,26.925625,CFK,Forest,For,July
1990,27.87375,CFK,Forest,For,July
1991,29.23125,CFK,Forest,For,July
1992,26.5275,CFK,Forest,For,July
1993,29.22708333,CFK,Forest,For,July
1994,26.666875,CFK,Forest,For,July
1995,27.6375,CFK,Forest,For,July
1996,27.42775,CFK,Forest,For,July
1997,28.44225,CFK,Forest,For,July
1998,28.35041667,CFK,Forest,For,July
1999,27.98208333,CFK,Forest,For,July
2000,27.263125,CFK,Forest,For,July
2001,26.93125,CFK,Forest,For,July
2002,28.96291667,CFK,Forest,For,July
2003,26.30375,CFK,Forest,For,July
2004,27.99625,CFK,Forest,For,July
2005,27.17625,CFK,Forest,For,July
2006,28.3975,CFK,Forest,For,July
2007,25.95125,CFK,Forest,For,July
2008,27.07875,CFK,Forest,For,July
2009,26.515625,CFK,Forest,For,July
2010,29.45791667,CFK,Forest,For,July
2014,27.23625,CFK,Forest,For,July
2016,29.35125,CFK,Forest,For,July
2017,28.85,CFK,Forest,For,July
2018,29.35375,CFK,Forest,For,July
1989,27.04455,CHL,Ag_No_Strat,Ag,July
1990,25.95885,CHL,Ag_No_Strat,Ag,July
1991,27.92885,CHL,Ag_No_Strat,Ag,July
1992,24.536225,CHL,Ag_No_Strat,Ag,July
1993,28.63911667,CHL,Ag_No_Strat,Ag,July
1994,27.65235,CHL,Ag_No_Strat,Ag,July
1995,26.883975,CHL,Ag_No_Strat,Ag,July
1996,26.237175,CHL,Ag_No_Strat,Ag,July
1997,27.56731,CHL,Ag_No_Strat,Ag,July
1998,28.34295,CHL,Ag_No_Strat,Ag,July
1999,28.89745,CHL,Ag_No_Strat,Ag,July
2000,26.8686,CHL,Ag_No_Strat,Ag,July
2001,28.5481,CHL,Ag_No_Strat,Ag,July
2002,28.71688333,CHL,Ag_No_Strat,Ag,July
2003,26.40235,CHL,Ag_No_Strat,Ag,July
2004,26.3763,CHL,Ag_No_Strat,Ag,July
2005,26.975,CHL,Ag_No_Strat,Ag,July
2006,26.18525,CHL,Ag_No_Strat,Ag,July
2007,26.92501667,CHL,Ag_No_Strat,Ag,July
2008,26.29295,CHL,Ag_No_Strat,Ag,July
2009,26.49978333,CHL,Ag_No_Strat,Ag,July
2010,28.42885,CHL,Ag_No_Strat,Ag,July
2014,24.89555,CHL,Ag_No_Strat,Ag,July
2015,25.7968,CHL,Ag_No_Strat,Ag,July
2016,28.03525,CHL,Ag_No_Strat,Ag,July
2017,28.04278333,CHL,Ag_No_Strat,Ag,July
2018,27.90045,CHL,Ag_No_Strat,Ag,July
1989,27.75055,CMR,Ag_No_Strat,Ag,July
1990,27.54135,CMR,Ag_No_Strat,Ag,July
1991,27.8515,CMR,Ag_No_Strat,Ag,July
1992,25.6559,CMR,Ag_No_Strat,Ag,July
1993,27.7114,CMR,Ag_No_Strat,Ag,July
1994,28.60036667,CMR,Ag_No_Strat,Ag,July
1995,27.575,CMR,Ag_No_Strat,Ag,July
1996,26.08003333,CMR,Ag_No_Strat,Ag,July
1997,28.0589,CMR,Ag_No_Strat,Ag,July
1998,27.71776667,CMR,Ag_No_Strat,Ag,July
1999,29.9129,CMR,Ag_No_Strat,Ag,July
2000,27.5423,CMR,Ag_No_Strat,Ag,July
2001,27.8338,CMR,Ag_No_Strat,Ag,July
2002,30.4619,CMR,Ag_No_Strat,Ag,July
2003,26.9059,CMR,Ag_No_Strat,Ag,July
2004,26.7596,CMR,Ag_No_Strat,Ag,July
2005,28.5555,CMR,Ag_No_Strat,Ag,July
2006,28.8827,CMR,Ag_No_Strat,Ag,July
2007,27.8835,CMR,Ag_No_Strat,Ag,July
2008,27.2511,CMR,Ag_No_Strat,Ag,July
2009,26.21776667,CMR,Ag_No_Strat,Ag,July
2010,28.38145,CMR,Ag_No_Strat,Ag,July
2016,30.4335,CMR,Ag_No_Strat,Ag,July
2017,27.3129,CMR,Ag_No_Strat,Ag,July
2018,29.53315,CMR,Ag_No_Strat,Ag,July
1989,27.247475,CRR,Forest,Ag,July
1990,27.07005,CRR,Forest,Ag,July
1991,27.82601,CRR,Forest,Ag,July
1992,26.96675,CRR,Forest,Ag,July
1993,28.970875,CRR,Forest,Ag,July
1994,27.309175,CRR,Forest,Ag,July
1995,27.7133,CRR,Forest,Ag,July
1996,27.24803,CRR,Forest,Ag,July
1997,27.91729,CRR,Forest,Ag,July
1998,27.51755,CRR,Forest,Ag,July
1999,28.21867,CRR,Forest,Ag,July
2000,27.460775,CRR,Forest,Ag,July
2001,27.55061667,CRR,Forest,Ag,July
2002,28.46399,CRR,Forest,Ag,July
2003,27.36675,CRR,Forest,Ag,July
2004,27.26059,CRR,Forest,Ag,July
2005,27.28875,CRR,Forest,Ag,July
2006,27.616625,CRR,Forest,Ag,July
2007,26.07335,CRR,Forest,Ag,July
2008,26.25115,CRR,Forest,Ag,July
2009,25.4117,CRR,Forest,Ag,July
2010,29.040025,CRR,Forest,Ag,July
2014,28.50025,CRR,Forest,Ag,July
2016,28.58981667,CRR,Forest,Ag,July
2017,27.7601,CRR,Forest,Ag,July
2018,28.899075,CRR,Forest,Ag,July
1989,26.85725714,EFR,Ag_Strat,Ag,July
1990,26.85944,EFR,Ag_Strat,Ag,July
1991,27.19266667,EFR,Ag_Strat,Ag,July
1992,25.9808,EFR,Ag_Strat,Ag,July
1993,28.474,EFR,Ag_Strat,Ag,July
1994,28.02786667,EFR,Ag_Strat,Ag,July
1995,27.2293,EFR,Ag_Strat,Ag,July
1996,26.12246667,EFR,Ag_Strat,Ag,July
1997,28.8087,EFR,Ag_Strat,Ag,July
1998,27.6361,EFR,Ag_Strat,Ag,July
1999,28.806,EFR,Ag_Strat,Ag,July
2000,26.59746667,EFR,Ag_Strat,Ag,July
2001,27.1692,EFR,Ag_Strat,Ag,July
2002,28.43752,EFR,Ag_Strat,Ag,July
2003,27.4216,EFR,Ag_Strat,Ag,July
2004,25.8082,EFR,Ag_Strat,Ag,July
2005,29.1529,EFR,Ag_Strat,Ag,July
2006,29.8745,EFR,Ag_Strat,Ag,July
2007,26.48984,EFR,Ag_Strat,Ag,July
2008,26.8842,EFR,Ag_Strat,Ag,July
2009,25.5385,EFR,Ag_Strat,Ag,July
2010,28.813,EFR,Ag_Strat,Ag,July
2012,28.0568,EFR,Ag_Strat,Ag,July
2013,27.5184,EFR,Ag_Strat,Ag,July
2014,26.5548,EFR,Ag_Strat,Ag,July
2015,28.6204,EFR,Ag_Strat,Ag,July
2016,27.2028,EFR,Ag_Strat,Ag,July
2017,26.5568,EFR,Ag_Strat,Ag,July
2018,28.5824,EFR,Ag_Strat,Ag,July
1989,26.2852,GRR,Ag_Strat,Ag,July
1990,26.4184,GRR,Ag_Strat,Ag,July
1991,27.3716,GRR,Ag_Strat,Ag,July
1992,25.1768,GRR,Ag_Strat,Ag,July
1993,29.4375,GRR,Ag_Strat,Ag,July
1994,27.95986667,GRR,Ag_Strat,Ag,July
1995,28.9352,GRR,Ag_Strat,Ag,July
1996,27.4116,GRR,Ag_Strat,Ag,July
1997,29.3661,GRR,Ag_Strat,Ag,July
1998,28.92173333,GRR,Ag_Strat,Ag,July
1999,28.83232,GRR,Ag_Strat,Ag,July
2000,27.4152,GRR,Ag_Strat,Ag,July
2001,27.5884,GRR,Ag_Strat,Ag,July
2002,29.21768,GRR,Ag_Strat,Ag,July
2003,27.67128,GRR,Ag_Strat,Ag,July
2004,27.7384,GRR,Ag_Strat,Ag,July
2005,28.1924,GRR,Ag_Strat,Ag,July
2006,28.008,GRR,Ag_Strat,Ag,July
2007,27.30386667,GRR,Ag_Strat,Ag,July
2008,27.5911,GRR,Ag_Strat,Ag,July
2009,26.4643,GRR,Ag_Strat,Ag,July
2010,29.4942,GRR,Ag_Strat,Ag,July
2011,29.2972,GRR,Ag_Strat,Ag,July
2014,25.9868,GRR,Ag_Strat,Ag,July
2016,29.375,GRR,Ag_Strat,Ag,July
2017,29.679,GRR,Ag_Strat,Ag,July
2018,29.26056,GRR,Ag_Strat,Ag,July
1989,25.83115,HTR,Ag_No_Strat,Ag,July
1990,24.86056667,HTR,Ag_No_Strat,Ag,July
1991,26.9627,HTR,Ag_No_Strat,Ag,July
1992,24.0123,HTR,Ag_No_Strat,Ag,July
1995,24.6875,HTR,Ag_No_Strat,Ag,July
1996,24.9615,HTR,Ag_No_Strat,Ag,July
1997,24.97286,HTR,Ag_No_Strat,Ag,July
1998,27.8373,HTR,Ag_No_Strat,Ag,July
1999,27.0389,HTR,Ag_No_Strat,Ag,July
2000,26.1615,HTR,Ag_No_Strat,Ag,July
2001,26.9381,HTR,Ag_No_Strat,Ag,July
2002,27.6742,HTR,Ag_No_Strat,Ag,July
2003,25.1151,HTR,Ag_No_Strat,Ag,July
2004,25.4274,HTR,Ag_No_Strat,Ag,July
2005,27.8615,HTR,Ag_No_Strat,Ag,July
2006,27.2996,HTR,Ag_No_Strat,Ag,July
2007,27.0659,HTR,Ag_No_Strat,Ag,July
2008,26.4623,HTR,Ag_No_Strat,Ag,July
2009,24.925,HTR,Ag_No_Strat,Ag,July
2010,28.4119,HTR,Ag_No_Strat,Ag,July
2016,24.8234,HTR,Ag_No_Strat,Ag,July
2017,26.00236667,HTR,Ag_No_Strat,Ag,July
2018,26.8127,HTR,Ag_No_Strat,Ag,July
1989,26.7625,MNR,Forest,For,July
1990,25.8393,MNR,Forest,For,July
1991,27.6774,MNR,Forest,For,July
1992,25.7964,MNR,Forest,For,July
1993,29.5059,MNR,Forest,For,July
1994,27.6877,MNR,Forest,For,July
1995,26.8917,MNR,Forest,For,July
1996,26.2907,MNR,Forest,For,July
1997,28.30166,MNR,Forest,For,July
1998,27.67786,MNR,Forest,For,July
1999,28.2869,MNR,Forest,For,July
2000,28,MNR,Forest,For,July
2001,27.56545,MNR,Forest,For,July
2002,29.04642,MNR,Forest,For,July
2003,27.02973333,MNR,Forest,For,July
2004,27.0445,MNR,Forest,For,July
2005,28.3625,MNR,Forest,For,July
2006,28.57423333,MNR,Forest,For,July
2007,27.00715,MNR,Forest,For,July
2008,27.0446,MNR,Forest,For,July
2009,26.1131,MNR,Forest,For,July
2010,29.06466667,MNR,Forest,For,July
2015,26.5631,MNR,Forest,For,July
2016,26.8227,MNR,Forest,For,July
2017,27.70585,MNR,Forest,For,July
2018,30.2301,MNR,Forest,For,July
1989,25.3515,MSR,Ag_No_Strat,Ag,July
1990,24.0705,MSR,Ag_No_Strat,Ag,July
1991,27.0995,MSR,Ag_No_Strat,Ag,July
1992,23.20125,MSR,Ag_No_Strat,Ag,July
1993,25.93275,MSR,Ag_No_Strat,Ag,July
1994,25.3425,MSR,Ag_No_Strat,Ag,July
1995,26.0739,MSR,Ag_No_Strat,Ag,July
1996,25.3357,MSR,Ag_No_Strat,Ag,July
1997,26.3157,MSR,Ag_No_Strat,Ag,July
1998,27.1825,MSR,Ag_No_Strat,Ag,July
1999,27.4095,MSR,Ag_No_Strat,Ag,July
2000,24.9105,MSR,Ag_No_Strat,Ag,July
2001,28.0905,MSR,Ag_No_Strat,Ag,July
2002,27.53416667,MSR,Ag_No_Strat,Ag,July
2003,25.6005,MSR,Ag_No_Strat,Ag,July
2004,25.1145,MSR,Ag_No_Strat,Ag,July
2005,27.968,MSR,Ag_No_Strat,Ag,July
2006,26.28416667,MSR,Ag_No_Strat,Ag,July
2007,25.856,MSR,Ag_No_Strat,Ag,July
2008,25.461,MSR,Ag_No_Strat,Ag,July
2009,24.33,MSR,Ag_No_Strat,Ag,July
2010,28.4175,MSR,Ag_No_Strat,Ag,July
2016,27.255,MSR,Ag_No_Strat,Ag,July
2017,26.36683333,MSR,Ag_No_Strat,Ag,July
2018,26.818,MSR,Ag_No_Strat,Ag,July
1989,26.86835,NRR,Ag_No_Strat,Ag,July
1990,27.39945,NRR,Ag_No_Strat,Ag,July
1991,29.45055,NRR,Ag_No_Strat,Ag,July
1992,26.5039,NRR,Ag_No_Strat,Ag,July
1993,29.057225,NRR,Ag_No_Strat,Ag,July
1994,27.21391667,NRR,Ag_No_Strat,Ag,July
1995,26.14835,NRR,Ag_No_Strat,Ag,July
1996,24.79633,NRR,Ag_No_Strat,Ag,July
1997,25.2328,NRR,Ag_No_Strat,Ag,July
1998,23.5914,NRR,Ag_No_Strat,Ag,July
1999,29.31855909,NRR,Ag_No_Strat,Ag,July
2000,27.74281667,NRR,Ag_No_Strat,Ag,July
2001,27.99523,NRR,Ag_No_Strat,Ag,July
2002,29.48165,NRR,Ag_No_Strat,Ag,July
2003,28.00881667,NRR,Ag_No_Strat,Ag,July
2004,27.73275,NRR,Ag_No_Strat,Ag,July
2005,28.890825,NRR,Ag_No_Strat,Ag,July
2006,28.74835,NRR,Ag_No_Strat,Ag,July
2007,27.47523,NRR,Ag_No_Strat,Ag,July
2008,27.05428333,NRR,Ag_No_Strat,Ag,July
2009,26.94881,NRR,Ag_No_Strat,Ag,July
2010,29.16835,NRR,Ag_No_Strat,Ag,July
2016,29.1633,NRR,Ag_No_Strat,Ag,July
2017,29.24335,NRR,Ag_No_Strat,Ag,July
2018,29.33945,NRR,Ag_No_Strat,Ag,July
1989,27.32673333,PRR,Forest,For,July
1990,27.3308,PRR,Forest,For,July
1991,30.07753333,PRR,Forest,For,July
1992,27.1884,PRR,Forest,For,July
1993,30.76206667,PRR,Forest,For,July
1994,27.73953333,PRR,Forest,For,July
1995,27.35113333,PRR,Forest,For,July
1996,27.4808,PRR,Forest,For,July
1997,28.11206667,PRR,Forest,For,July
1998,28.0686,PRR,Forest,For,July
1999,29.6416,PRR,Forest,For,July
2000,28.1442,PRR,Forest,For,July
2001,28.3483,PRR,Forest,For,July
2002,29.6242,PRR,Forest,For,July
2003,28.03604,PRR,Forest,For,July
2004,27.4785,PRR,Forest,For,July
2005,28.6654,PRR,Forest,For,July
2006,28.5968,PRR,Forest,For,July
2007,27.4619,PRR,Forest,For,July
2008,27.10793333,PRR,Forest,For,July
2009,25.5567,PRR,Forest,For,July
2010,31.82628,PRR,Forest,For,July
2015,26.229,PRR,Forest,For,July
2016,29.23526667,PRR,Forest,For,July
2017,28.7058,PRR,Forest,For,July
2018,27.69933333,PRR,Forest,For,July
1989,28.28884,RRR,Ag_Strat,Ag,July
1990,27.4718,RRR,Ag_Strat,Ag,July
1991,30.0882,RRR,Ag_Strat,Ag,July
1992,28.2836,RRR,Ag_Strat,Ag,July
1994,28.50353333,RRR,Ag_Strat,Ag,July
1995,28.8854,RRR,Ag_Strat,Ag,July
1996,28.62164,RRR,Ag_Strat,Ag,July
1997,28.8047,RRR,Ag_Strat,Ag,July
1998,28.5262,RRR,Ag_Strat,Ag,July
1999,29.91494286,RRR,Ag_Strat,Ag,July
2000,28.0754,RRR,Ag_Strat,Ag,July
2001,28.253,RRR,Ag_Strat,Ag,July
2002,29.4717,RRR,Ag_Strat,Ag,July
2003,28.0806,RRR,Ag_Strat,Ag,July
2004,27.61006667,RRR,Ag_Strat,Ag,July
2005,28.4656,RRR,Ag_Strat,Ag,July
2006,29.659,RRR,Ag_Strat,Ag,July
2007,28.5142,RRR,Ag_Strat,Ag,July
2008,28.3906,RRR,Ag_Strat,Ag,July
2009,25.9602,RRR,Ag_Strat,Ag,July
2010,30.0176,RRR,Ag_Strat,Ag,July
2015,28.0418,RRR,Ag_Strat,Ag,July
2016,27.9918,RRR,Ag_Strat,Ag,July
2017,29.4902,RRR,Ag_Strat,Ag,July
2018,29.4684,RRR,Ag_Strat,Ag,July
1989,26.58501,SRR,Ag_No_Strat,Ag,July
1990,25.31971,SRR,Ag_No_Strat,Ag,July
1991,27.41559,SRR,Ag_No_Strat,Ag,July
1992,23.616925,SRR,Ag_No_Strat,Ag,July
1993,26.59045,SRR,Ag_No_Strat,Ag,July
1995,26.95295,SRR,Ag_No_Strat,Ag,July
1996,24.630875,SRR,Ag_No_Strat,Ag,July
1997,25.89501,SRR,Ag_No_Strat,Ag,July
1998,25.85441667,SRR,Ag_No_Strat,Ag,July
1999,31.67945,SRR,Ag_No_Strat,Ag,July
2000,28.18675,SRR,Ag_No_Strat,Ag,July
2001,28.15295,SRR,Ag_No_Strat,Ag,July
2002,27.47108333,SRR,Ag_No_Strat,Ag,July
2003,25.04951667,SRR,Ag_No_Strat,Ag,July
2004,24.1265,SRR,Ag_No_Strat,Ag,July
2005,26.6441,SRR,Ag_No_Strat,Ag,July
2006,27.25541667,SRR,Ag_No_Strat,Ag,July
2007,24.98975,SRR,Ag_No_Strat,Ag,July
2008,25.29068333,SRR,Ag_No_Strat,Ag,July
2009,24.09415,SRR,Ag_No_Strat,Ag,July
2010,28.5015,SRR,Ag_No_Strat,Ag,July
2012,28.18375,SRR,Ag_No_Strat,Ag,July
2013,24.20155,SRR,Ag_No_Strat,Ag,July
2016,27.94855,SRR,Ag_No_Strat,Ag,July
2017,25.8515,SRR,Ag_No_Strat,Ag,July
2018,26.29855,SRR,Ag_No_Strat,Ag,July
1989,27.73998,TAR,Ag_Strat,Ag,July
1990,26.64314,TAR,Ag_Strat,Ag,July
1991,28.54894,TAR,Ag_Strat,Ag,July
1992,27.0309,TAR,Ag_Strat,Ag,July
1993,29.05065,TAR,Ag_Strat,Ag,July
1994,29.02895,TAR,Ag_Strat,Ag,July
1995,28.05265,TAR,Ag_Strat,Ag,July
1996,27.11158,TAR,Ag_Strat,Ag,July
1997,27.45106,TAR,Ag_Strat,Ag,July
1998,28.39735,TAR,Ag_Strat,Ag,July
1999,29.53582,TAR,Ag_Strat,Ag,July
2000,27.45173333,TAR,Ag_Strat,Ag,July
2001,27.41183333,TAR,Ag_Strat,Ag,July
2002,29.74526,TAR,Ag_Strat,Ag,July
2003,28.0184,TAR,Ag_Strat,Ag,July
2004,27.4654,TAR,Ag_Strat,Ag,July
2005,29.11185,TAR,Ag_Strat,Ag,July
2006,28.73225,TAR,Ag_Strat,Ag,July
2007,27.12842,TAR,Ag_Strat,Ag,July
2008,27.36846667,TAR,Ag_Strat,Ag,July
2009,25.54823333,TAR,Ag_Strat,Ag,July
2010,30.4908,TAR,Ag_Strat,Ag,July
2011,31.24865,TAR,Ag_Strat,Ag,July
2012,29.9443,TAR,Ag_Strat,Ag,July
2014,25.5025,TAR,Ag_Strat,Ag,July
2016,30.0842,TAR,Ag_Strat,Ag,July
2017,28.8829,TAR,Ag_Strat,Ag,July
2018,28.27196667,TAR,Ag_Strat,Ag,July
1989,26.83358,BHR,Forest,For,August
1990,26.9803,BHR,Forest,For,August
1991,27.56425,BHR,Forest,For,August
1992,26.2161,BHR,Forest,For,August
1993,28.01782,BHR,Forest,For,August
1994,26.92498,BHR,Forest,For,August
1995,29.4293,BHR,Forest,For,August
1996,27.18934,BHR,Forest,For,August
1997,27.48215,BHR,Forest,For,August
1998,28.1999,BHR,Forest,For,August
1999,28.19403333,BHR,Forest,For,August
2000,27.6036,BHR,Forest,For,August
2001,29.2713,BHR,Forest,For,August
2002,28.0249,BHR,Forest,For,August
2003,28.45576667,BHR,Forest,For,August
2004,27.08794,BHR,Forest,For,August
2005,29.22135,BHR,Forest,For,August
2006,28.4036,BHR,Forest,For,August
2007,28.3965,BHR,Forest,For,August
2008,26.6537,BHR,Forest,For,August
2009,26.4571,BHR,Forest,For,August
2010,28.14403333,BHR,Forest,For,August
2012,27.9677,BHR,Forest,For,August
2015,28.3749,BHR,Forest,For,August
2016,28.7642,BHR,Forest,For,August
2017,27.3929,BHR,Forest,For,August
2018,27.8215,BHR,Forest,For,August
1989,27.6095,BRR,Ag_Strat,Ag,August
1990,27.886,BRR,Ag_Strat,Ag,August
1991,28.0375,BRR,Ag_Strat,Ag,August
1992,26.234,BRR,Ag_Strat,Ag,August
1993,28.678,BRR,Ag_Strat,Ag,August
1994,26.929,BRR,Ag_Strat,Ag,August
1995,29.622,BRR,Ag_Strat,Ag,August
1996,27.7625,BRR,Ag_Strat,Ag,August
1997,26.9765,BRR,Ag_Strat,Ag,August
1998,28.434,BRR,Ag_Strat,Ag,August
1999,28.498,BRR,Ag_Strat,Ag,August
2000,27.8336,BRR,Ag_Strat,Ag,August
2001,29.01,BRR,Ag_Strat,Ag,August
2002,30.0205,BRR,Ag_Strat,Ag,August
2003,28.788,BRR,Ag_Strat,Ag,August
2004,26.682,BRR,Ag_Strat,Ag,August
2005,29.456,BRR,Ag_Strat,Ag,August
2006,29.2644,BRR,Ag_Strat,Ag,August
2007,29.936,BRR,Ag_Strat,Ag,August
2008,27.4015,BRR,Ag_Strat,Ag,August
2009,27.2712,BRR,Ag_Strat,Ag,August
2010,30.0952,BRR,Ag_Strat,Ag,August
2011,29.866,BRR,Ag_Strat,Ag,August
2014,28.026,BRR,Ag_Strat,Ag,August
2015,28.183,BRR,Ag_Strat,Ag,August
2016,28.857,BRR,Ag_Strat,Ag,August
2017,28.246,BRR,Ag_Strat,Ag,August
2018,28.862,BRR,Ag_Strat,Ag,August
1989,25.0188,BVR,Ag_Strat,Ag,August
1990,26.64064286,BVR,Ag_Strat,Ag,August
1991,25.3598,BVR,Ag_Strat,Ag,August
1992,23.9376,BVR,Ag_Strat,Ag,August
1993,26.0401,BVR,Ag_Strat,Ag,August
1995,28.88085,BVR,Ag_Strat,Ag,August
1996,26.7259,BVR,Ag_Strat,Ag,August
1997,27.6848,BVR,Ag_Strat,Ag,August
1998,27.45863333,BVR,Ag_Strat,Ag,August
1999,26.7625,BVR,Ag_Strat,Ag,August
2000,25.53435,BVR,Ag_Strat,Ag,August
2001,26.4711,BVR,Ag_Strat,Ag,August
2002,27.75743333,BVR,Ag_Strat,Ag,August
2003,26.92674444,BVR,Ag_Strat,Ag,August
2004,24.96645,BVR,Ag_Strat,Ag,August
2005,27.96302,BVR,Ag_Strat,Ag,August
2006,27.04483333,BVR,Ag_Strat,Ag,August
2007,27.92446,BVR,Ag_Strat,Ag,August
2008,26.41302,BVR,Ag_Strat,Ag,August
2009,27.0687,BVR,Ag_Strat,Ag,August
2010,28.62338,BVR,Ag_Strat,Ag,August
2014,25.3331,BVR,Ag_Strat,Ag,August
2015,26.6597,BVR,Ag_Strat,Ag,August
2016,29.16103333,BVR,Ag_Strat,Ag,August
2017,26.6527,BVR,Ag_Strat,Ag,August
2018,28.3313,BVR,Ag_Strat,Ag,August
1989,23.95005,CBR,Ag_No_Strat,Ag,August
1990,24.48808333,CBR,Ag_No_Strat,Ag,August
1991,23.283,CBR,Ag_No_Strat,Ag,August
1992,24.279125,CBR,Ag_No_Strat,Ag,August
1993,25.47925,CBR,Ag_No_Strat,Ag,August
1994,23.94408333,CBR,Ag_No_Strat,Ag,August
1995,27.59645,CBR,Ag_No_Strat,Ag,August
1996,24.6,CBR,Ag_No_Strat,Ag,August
1997,24.162625,CBR,Ag_No_Strat,Ag,August
1998,25.88325,CBR,Ag_No_Strat,Ag,August
1999,25.23315,CBR,Ag_No_Strat,Ag,August
2000,23.979,CBR,Ag_No_Strat,Ag,August
2001,26.2415,CBR,Ag_No_Strat,Ag,August
2002,26.33625,CBR,Ag_No_Strat,Ag,August
2003,25.90685,CBR,Ag_No_Strat,Ag,August
2004,23.60655,CBR,Ag_No_Strat,Ag,August
2005,25.853375,CBR,Ag_No_Strat,Ag,August
2006,26.603625,CBR,Ag_No_Strat,Ag,August
2007,27.0375,CBR,Ag_No_Strat,Ag,August
2008,25.48583333,CBR,Ag_No_Strat,Ag,August
2009,25.18225,CBR,Ag_No_Strat,Ag,August
2010,27.21295,CBR,Ag_No_Strat,Ag,August
2013,24.73125,CBR,Ag_No_Strat,Ag,August
2016,27.14175,CBR,Ag_No_Strat,Ag,August
2017,25.43425,CBR,Ag_No_Strat,Ag,August
2018,25.92525,CBR,Ag_No_Strat,Ag,August
1989,25.21825,CCK,Ag_Strat,Ag,August
1990,25.66175,CCK,Ag_Strat,Ag,August
1991,25.3005,CCK,Ag_Strat,Ag,August
1992,24.71525,CCK,Ag_Strat,Ag,August
1993,26.531,CCK,Ag_Strat,Ag,August
1994,26.001125,CCK,Ag_Strat,Ag,August
1995,29.433125,CCK,Ag_Strat,Ag,August
1996,27.614625,CCK,Ag_Strat,Ag,August
1997,25.795625,CCK,Ag_Strat,Ag,August
1998,26.91958333,CCK,Ag_Strat,Ag,August
1999,26.587,CCK,Ag_Strat,Ag,August
2000,25.20875,CCK,Ag_Strat,Ag,August
2001,26.8825,CCK,Ag_Strat,Ag,August
2002,28.48625,CCK,Ag_Strat,Ag,August
2003,27.475625,CCK,Ag_Strat,Ag,August
2004,24.86525,CCK,Ag_Strat,Ag,August
2005,27.579375,CCK,Ag_Strat,Ag,August
2006,27.981,CCK,Ag_Strat,Ag,August
2007,27.870625,CCK,Ag_Strat,Ag,August
2008,26.154875,CCK,Ag_Strat,Ag,August
2009,23.72453571,CCK,Ag_Strat,Ag,August
2010,27.72345,CCK,Ag_Strat,Ag,August
2016,28.46325,CCK,Ag_Strat,Ag,August
2017,26.15,CCK,Ag_Strat,Ag,August
2018,26.374,CCK,Ag_Strat,Ag,August
1989,27.02335,CFK,Forest,For,August
1990,27.2916,CFK,Forest,For,August
1991,27.124975,CFK,Forest,For,August
1992,26.3667,CFK,Forest,For,August
1993,27.8915,CFK,Forest,For,August
1994,25.59999,CFK,Forest,For,August
1995,29.23333,CFK,Forest,For,August
1996,27.991625,CFK,Forest,For,August
1997,27.0833,CFK,Forest,For,August
1998,27.83345,CFK,Forest,For,August
1999,26.70531667,CFK,Forest,For,August
2000,27.30335,CFK,Forest,For,August
2001,27.4667,CFK,Forest,For,August
2002,28.75005,CFK,Forest,For,August
2003,27.86671667,CFK,Forest,For,August
2004,27.88755,CFK,Forest,For,August
2005,28.74975,CFK,Forest,For,August
2006,28.78325,CFK,Forest,For,August
2007,28.04985,CFK,Forest,For,August
2008,27.19995,CFK,Forest,For,August
2009,27.9665,CFK,Forest,For,August
2010,29.73315,CFK,Forest,For,August
2012,25.98315,CFK,Forest,For,August
2013,26.55005,CFK,Forest,For,August
2014,26.28315,CFK,Forest,For,August
2015,28.53325,CFK,Forest,For,August
2016,30.43355,CFK,Forest,For,August
2017,28.1416,CFK,Forest,For,August
2018,28.32505,CFK,Forest,For,August
Row Labels,CHL,CHL,Ag_No_Strat,Ag,August
1989,25.81065,CHL,Ag_No_Strat,Ag,August
1990,26.74308333,CHL,Ag_No_Strat,Ag,August
1991,25.2725,CHL,Ag_No_Strat,Ag,August
1992,23.641125,CHL,Ag_No_Strat,Ag,August
1993,27.677,CHL,Ag_No_Strat,Ag,August
1994,25.57325,CHL,Ag_No_Strat,Ag,August
1995,29.12775,CHL,Ag_No_Strat,Ag,August
1996,26.71675,CHL,Ag_No_Strat,Ag,August
1997,25.394375,CHL,Ag_No_Strat,Ag,August
1998,26.9685,CHL,Ag_No_Strat,Ag,August
1999,27.64025,CHL,Ag_No_Strat,Ag,August
2000,26.34625,CHL,Ag_No_Strat,Ag,August
2001,28.6105,CHL,Ag_No_Strat,Ag,August
2002,27.78475,CHL,Ag_No_Strat,Ag,August
2003,27.06125,CHL,Ag_No_Strat,Ag,August
2004,24.8645,CHL,Ag_No_Strat,Ag,August
2005,27.73658333,CHL,Ag_No_Strat,Ag,August
2006,27.95075,CHL,Ag_No_Strat,Ag,August
2007,26.97258333,CHL,Ag_No_Strat,Ag,August
2008,26.9,CHL,Ag_No_Strat,Ag,August
2009,26.21991667,CHL,Ag_No_Strat,Ag,August
2010,29.3225,CHL,Ag_No_Strat,Ag,August
2012,27.96925,CHL,Ag_No_Strat,Ag,August
2015,26.9055,CHL,Ag_No_Strat,Ag,August
1989,26.9216,CMR,Ag_No_Strat,Ag,August
1990,25.4159,CMR,Ag_No_Strat,Ag,August
1991,26.40573333,CMR,Ag_No_Strat,Ag,August
1992,24.7375,CMR,Ag_No_Strat,Ag,August
1993,26.63973333,CMR,Ag_No_Strat,Ag,August
1994,25.8548,CMR,Ag_No_Strat,Ag,August
1995,29.3916,CMR,Ag_No_Strat,Ag,August
1996,28.7148,CMR,Ag_No_Strat,Ag,August
1997,25.92693333,CMR,Ag_No_Strat,Ag,August
1998,27.2762,CMR,Ag_No_Strat,Ag,August
1999,26.8546,CMR,Ag_No_Strat,Ag,August
2000,26.5966,CMR,Ag_No_Strat,Ag,August
2001,28.9443,CMR,Ag_No_Strat,Ag,August
2002,28.2194,CMR,Ag_No_Strat,Ag,August
2003,28.791,CMR,Ag_No_Strat,Ag,August
2004,25.60573333,CMR,Ag_No_Strat,Ag,August
2005,29.559,CMR,Ag_No_Strat,Ag,August
2006,28.9226,CMR,Ag_No_Strat,Ag,August
2007,29.45,CMR,Ag_No_Strat,Ag,August
2008,27.3968,CMR,Ag_No_Strat,Ag,August
2009,27.06626667,CMR,Ag_No_Strat,Ag,August
2010,29.0796,CMR,Ag_No_Strat,Ag,August
2012,28.7828,CMR,Ag_No_Strat,Ag,August
2015,27.0842,CMR,Ag_No_Strat,Ag,August
2016,29.158,CMR,Ag_No_Strat,Ag,August
2017,26.5458,CMR,Ag_No_Strat,Ag,August
2018,27.0114,CMR,Ag_No_Strat,Ag,August
1989,26.75792778,CRR,Forest,For,August
1990,26.8216,CRR,Forest,For,August
1991,26.617475,CRR,Forest,For,August
1992,25.35359,CRR,Forest,For,August
1993,27.56961,CRR,Forest,For,August
1994,25.93165,CRR,Forest,For,August
1995,28.98903,CRR,Forest,For,August
1996,27.27415,CRR,Forest,For,August
1997,26.8267,CRR,Forest,For,August
1998,27.89961,CRR,Forest,For,August
1999,27.27111667,CRR,Forest,For,August
2000,27.21835,CRR,Forest,For,August
2001,27.91359,CRR,Forest,For,August
2002,28.1875,CRR,Forest,For,August
2003,27.1392,CRR,Forest,For,August
2004,25.85981,CRR,Forest,For,August
2005,27.78165,CRR,Forest,For,August
2006,27.77437,CRR,Forest,For,August
2007,27.99689,CRR,Forest,For,August
2008,25.957525,CRR,Forest,For,August
2009,26.959225,CRR,Forest,For,August
2010,28.3591,CRR,Forest,For,August
2012,27.03785,CRR,Forest,For,August
2015,28.09805,CRR,Forest,For,August
2016,29.03608333,CRR,Forest,For,August
2017,28.37815,CRR,Forest,For,August
2018,27.73495,CRR,Forest,For,August
1989,26.01717,EFR,Ag_Strat,Ag,August
1990,26.5424,EFR,Ag_Strat,Ag,August
1991,26.498375,EFR,Ag_Strat,Ag,August
1992,26.04565,EFR,Ag_Strat,Ag,August
1993,26.53631,EFR,Ag_Strat,Ag,August
1994,25.651625,EFR,Ag_Strat,Ag,August
1995,29.52065,EFR,Ag_Strat,Ag,August
1996,27.55055,EFR,Ag_Strat,Ag,August
1997,26.77065,EFR,Ag_Strat,Ag,August
1998,27.485325,EFR,Ag_Strat,Ag,August
1999,27.31979,EFR,Ag_Strat,Ag,August
2000,26.7511,EFR,Ag_Strat,Ag,August
2001,28.25891,EFR,Ag_Strat,Ag,August
2002,28.152725,EFR,Ag_Strat,Ag,August
2003,27.5212,EFR,Ag_Strat,Ag,August
2004,25.58979,EFR,Ag_Strat,Ag,August
2005,28.6971,EFR,Ag_Strat,Ag,August
2006,30.46555,EFR,Ag_Strat,Ag,August
2007,27.77175,EFR,Ag_Strat,Ag,August
2008,26.08151667,EFR,Ag_Strat,Ag,August
2009,27.83878333,EFR,Ag_Strat,Ag,August
2010,29.14491667,EFR,Ag_Strat,Ag,August
2012,27.33375,EFR,Ag_Strat,Ag,August
2013,26.97505,EFR,Ag_Strat,Ag,August
2014,25.59455,EFR,Ag_Strat,Ag,August
2015,26.86525,EFR,Ag_Strat,Ag,August
2016,28.83585,EFR,Ag_Strat,Ag,August
2017,25.8098,EFR,Ag_Strat,Ag,August
2018,26.89675,EFR,Ag_Strat,Ag,August
1989,26.3839,GRR,Ag_Strat,Ag,August
1990,26.8732,GRR,Ag_Strat,Ag,August
1991,26.5625,GRR,Ag_Strat,Ag,August
1992,24.2785,GRR,Ag_Strat,Ag,August
1993,28.25785,GRR,Ag_Strat,Ag,August
1994,26.71965,GRR,Ag_Strat,Ag,August
1995,29.9964,GRR,Ag_Strat,Ag,August
1996,27.3875,GRR,Ag_Strat,Ag,August
1997,26.9393,GRR,Ag_Strat,Ag,August
1998,27.916075,GRR,Ag_Strat,Ag,August
1999,27.99211,GRR,Ag_Strat,Ag,August
2000,27.16071,GRR,Ag_Strat,Ag,August
2001,28.84501,GRR,Ag_Strat,Ag,August
2002,28.571425,GRR,Ag_Strat,Ag,August
2003,28.38928333,GRR,Ag_Strat,Ag,August
2004,26.5381,GRR,Ag_Strat,Ag,August
2005,28.905375,GRR,Ag_Strat,Ag,August
2006,28.466025,GRR,Ag_Strat,Ag,August
2007,29.7607,GRR,Ag_Strat,Ag,August
2008,27.7018,GRR,Ag_Strat,Ag,August
2009,27.78926667,GRR,Ag_Strat,Ag,August
2010,29.88785,GRR,Ag_Strat,Ag,August
2015,27.1642,GRR,Ag_Strat,Ag,August
2016,29.79876667,GRR,Ag_Strat,Ag,August
2017,27.83215,GRR,Ag_Strat,Ag,August
2018,28.12885,GRR,Ag_Strat,Ag,August
1989,24.32599,HTR,Ag_No_Strat,Ag,August
1990,25.16015,HTR,Ag_No_Strat,Ag,August
1991,25.1026,HTR,Ag_No_Strat,Ag,August
1992,25.12895,HTR,Ag_No_Strat,Ag,August
1993,28.50701667,HTR,Ag_No_Strat,Ag,August
1995,28.0943,HTR,Ag_No_Strat,Ag,August
1996,24.76203,HTR,Ag_No_Strat,Ag,August
1997,23.26048333,HTR,Ag_No_Strat,Ag,August
1998,24.83885,HTR,Ag_No_Strat,Ag,August
1999,26.7995,HTR,Ag_No_Strat,Ag,August
2000,25.45998333,HTR,Ag_No_Strat,Ag,August
2001,27.37301667,HTR,Ag_No_Strat,Ag,August
2002,27.89505,HTR,Ag_No_Strat,Ag,August
2004,22.95495,HTR,Ag_No_Strat,Ag,August
2005,27.79001667,HTR,Ag_No_Strat,Ag,August
2006,26.6599,HTR,Ag_No_Strat,Ag,August
2007,27.4406,HTR,Ag_No_Strat,Ag,August
2008,25.47995,HTR,Ag_No_Strat,Ag,August
2009,23.82978333,HTR,Ag_No_Strat,Ag,August
2010,26.44975,HTR,Ag_No_Strat,Ag,August
2015,24.9557,HTR,Ag_No_Strat,Ag,August
2016,26.51361667,HTR,Ag_No_Strat,Ag,August
2017,24.03515,HTR,Ag_No_Strat,Ag,August
2018,24.67701667,HTR,Ag_No_Strat,Ag,August
1989,25.6658,MNR,Forest,For,August
1990,25.2467,MNR,Forest,For,August
1991,25.0776,MNR,Forest,For,August
1992,25.6704,MNR,Forest,For,August
1993,26.9901,MNR,Forest,For,August
1994,26.19844,MNR,Forest,For,August
1995,30.3355,MNR,Forest,For,August
1996,27.8257,MNR,Forest,For,August
1997,26.0862,MNR,Forest,For,August
1998,27.8204,MNR,Forest,For,August
1999,27.03953333,MNR,Forest,For,August
2000,27.41844,MNR,Forest,For,August
2001,28.47844,MNR,Forest,For,August
2002,28.0566,MNR,Forest,For,August
2003,27.9724,MNR,Forest,For,August
2004,25.757,MNR,Forest,For,August
2005,28.55212,MNR,Forest,For,August
2006,28.2658,MNR,Forest,For,August
2007,28.5358,MNR,Forest,For,August
2008,27.32553333,MNR,Forest,For,August
2009,27.21364,MNR,Forest,For,August
2010,29.5467,MNR,Forest,For,August
2012,25.687,MNR,Forest,For,August
2013,26.3922,MNR,Forest,For,August
2014,29.2818,MNR,Forest,For,August
2015,27.129,MNR,Forest,For,August
2016,28.63588,MNR,Forest,For,August
2017,26.9538,MNR,Forest,For,August
2018,27.1368,MNR,Forest,For,August
1989,24.6502,MSR,Ag_No_Strat,Ag,August
1990,23.8751,MSR,Ag_No_Strat,Ag,August
1991,23.6,MSR,Ag_No_Strat,Ag,August
1992,22.6164,MSR,Ag_No_Strat,Ag,August
1993,25.50384,MSR,Ag_No_Strat,Ag,August
1995,28.444,MSR,Ag_No_Strat,Ag,August
1996,26.1032,MSR,Ag_No_Strat,Ag,August
1997,25.4937,MSR,Ag_No_Strat,Ag,August
1998,26.088,MSR,Ag_No_Strat,Ag,August
1999,25.95613333,MSR,Ag_No_Strat,Ag,August
2000,25.29786667,MSR,Ag_No_Strat,Ag,August
2001,27.0498,MSR,Ag_No_Strat,Ag,August
2002,26.7432,MSR,Ag_No_Strat,Ag,August
2003,25.5128,MSR,Ag_No_Strat,Ag,August
2004,24.2748,MSR,Ag_No_Strat,Ag,August
2005,28.64746667,MSR,Ag_No_Strat,Ag,August
2006,26.0444,MSR,Ag_No_Strat,Ag,August
2007,27.08328,MSR,Ag_No_Strat,Ag,August
2008,25.7564,MSR,Ag_No_Strat,Ag,August
2009,24.99773333,MSR,Ag_No_Strat,Ag,August
2010,27.7002,MSR,Ag_No_Strat,Ag,August
2015,23.9948,MSR,Ag_No_Strat,Ag,August
2016,26.13586667,MSR,Ag_No_Strat,Ag,August
2017,25.044,MSR,Ag_No_Strat,Ag,August
2018,26.43726667,MSR,Ag_No_Strat,Ag,August
1989,27.423325,NRR,Ag_No_Strat,Ag,August
1990,27.442125,NRR,Ag_No_Strat,Ag,August
1991,27.96386429,NRR,Ag_No_Strat,Ag,August
1992,26.11555,NRR,Ag_No_Strat,Ag,August
1993,28.59185,NRR,Ag_No_Strat,Ag,August
1994,24.94065,NRR,Ag_No_Strat,Ag,August
1995,27.4249,NRR,Ag_No_Strat,Ag,August
1996,24.97563,NRR,Ag_No_Strat,Ag,August
1997,22.5313,NRR,Ag_No_Strat,Ag,August
1998,22.71429,NRR,Ag_No_Strat,Ag,August
1999,28.31791154,NRR,Ag_No_Strat,Ag,August
2000,27.6749,NRR,Ag_No_Strat,Ag,August
2001,28.68689,NRR,Ag_No_Strat,Ag,August
2002,28.807775,NRR,Ag_No_Strat,Ag,August
2003,28.79343182,NRR,Ag_No_Strat,Ag,August
2004,26.43933,NRR,Ag_No_Strat,Ag,August
2005,29.3002,NRR,Ag_No_Strat,Ag,August
2006,28.5625,NRR,Ag_No_Strat,Ag,August
2007,28.738975,NRR,Ag_No_Strat,Ag,August
2008,27.7938,NRR,Ag_No_Strat,Ag,August
2009,26.82429,NRR,Ag_No_Strat,Ag,August
2010,29.52807,NRR,Ag_No_Strat,Ag,August
2013,26.92225,NRR,Ag_No_Strat,Ag,August
2014,26.78485,NRR,Ag_No_Strat,Ag,August
2015,27.6494,NRR,Ag_No_Strat,Ag,August
2016,29.5878,NRR,Ag_No_Strat,Ag,August
2017,27.76178333,NRR,Ag_No_Strat,Ag,August
2018,28.48915,NRR,Ag_No_Strat,Ag,August
1989,26.9662,PRR,Forest,For,August
1990,26.2838,PRR,Forest,For,August
1991,26.9026,PRR,Forest,For,August
1992,25.4134,PRR,Forest,For,August
1993,28.2676,PRR,Forest,For,August
1994,27.61564,PRR,Forest,For,August
1995,30.6462,PRR,Forest,For,August
1996,27.3238,PRR,Forest,For,August
1997,25.7736,PRR,Forest,For,August
1998,27.95,PRR,Forest,For,August
1999,27.6507,PRR,Forest,For,August
2000,27.32196,PRR,Forest,For,August
2001,28.2141,PRR,Forest,For,August
2002,28.17212,PRR,Forest,For,August
2003,28.3456,PRR,Forest,For,August
2004,26.5727,PRR,Forest,For,August
2005,28.4062,PRR,Forest,For,August
2006,29.10732,PRR,Forest,For,August
2007,28.85732,PRR,Forest,For,August
2008,27.9081,PRR,Forest,For,August
2009,27.77564,PRR,Forest,For,August
2010,32.5566,PRR,Forest,For,August
2013,27.3106,PRR,Forest,For,August
2014,30.2726,PRR,Forest,For,August
2015,26.6402,PRR,Forest,For,August
2016,30.781,PRR,Forest,For,August
2017,26.8736,PRR,Forest,For,August
2018,28.4162,PRR,Forest,For,August
1989,27.6406,RRR,Ag_Strat,Ag,August
1990,27.3078,RRR,Ag_Strat,Ag,August
1991,27.425,RRR,Ag_Strat,Ag,August
1992,26.5192,RRR,Ag_Strat,Ag,August
1993,28.57933333,RRR,Ag_Strat,Ag,August
1994,26.7836,RRR,Ag_Strat,Ag,August
1995,30.1906,RRR,Ag_Strat,Ag,August
1996,27.7625,RRR,Ag_Strat,Ag,August
1997,26.7297,RRR,Ag_Strat,Ag,August
1998,28.6992,RRR,Ag_Strat,Ag,August
1999,28.15,RRR,Ag_Strat,Ag,August
2000,28.2404,RRR,Ag_Strat,Ag,August
2001,29.244,RRR,Ag_Strat,Ag,August
2002,28.3898,RRR,Ag_Strat,Ag,August
2003,28.5976,RRR,Ag_Strat,Ag,August
2004,27.6492,RRR,Ag_Strat,Ag,August
2005,29.1216,RRR,Ag_Strat,Ag,August
2006,29.9398,RRR,Ag_Strat,Ag,August
2007,29.7922,RRR,Ag_Strat,Ag,August
2008,28.0456,RRR,Ag_Strat,Ag,August
2009,28.6992,RRR,Ag_Strat,Ag,August
2010,30.1664,RRR,Ag_Strat,Ag,August
2016,30.646,RRR,Ag_Strat,Ag,August
2017,28.7763,RRR,Ag_Strat,Ag,August
2018,28.5599,RRR,Ag_Strat,Ag,August
1989,25.4226,SRR,Ag_No_Strat,Ag,August
1990,24.308,SRR,Ag_No_Strat,Ag,August
1991,25.558,SRR,Ag_No_Strat,Ag,August
1992,24.4677,SRR,Ag_No_Strat,Ag,August
1993,27.2059,SRR,Ag_No_Strat,Ag,August
1995,29.2517,SRR,Ag_No_Strat,Ag,August
1996,25.17264,SRR,Ag_No_Strat,Ag,August
1998,25.7424,SRR,Ag_No_Strat,Ag,August
1999,26.9194,SRR,Ag_No_Strat,Ag,August
2000,25.7017,SRR,Ag_No_Strat,Ag,August
2001,26.6972,SRR,Ag_No_Strat,Ag,August
2002,26.64746667,SRR,Ag_No_Strat,Ag,August
2003,26.81,SRR,Ag_No_Strat,Ag,August
2004,24.916,SRR,Ag_No_Strat,Ag,August
2005,28.1906,SRR,Ag_No_Strat,Ag,August
2006,26.8792,SRR,Ag_No_Strat,Ag,August
2007,26.6076,SRR,Ag_No_Strat,Ag,August
2008,25.29373333,SRR,Ag_No_Strat,Ag,August
2009,24.4184,SRR,Ag_No_Strat,Ag,August
2010,26.9882,SRR,Ag_No_Strat,Ag,August
2015,24.2508,SRR,Ag_No_Strat,Ag,August
2016,27.6778,SRR,Ag_No_Strat,Ag,August
2017,24.67086667,SRR,Ag_No_Strat,Ag,August
2018,25.9134,SRR,Ag_No_Strat,Ag,August
1989,26.5868,TAR,Ag_Strat,Ag,August
1990,26.82265,TAR,Ag_Strat,Ag,August
1991,27.1059,TAR,Ag_Strat,Ag,August
1992,25.5066,TAR,Ag_Strat,Ag,August
1993,28.12642,TAR,Ag_Strat,Ag,August
1994,26.43566,TAR,Ag_Strat,Ag,August
1995,29.88962,TAR,Ag_Strat,Ag,August
1996,27.7059,TAR,Ag_Strat,Ag,August
1997,25.8658,TAR,Ag_Strat,Ag,August
1998,28.26642,TAR,Ag_Strat,Ag,August
1999,28.54653333,TAR,Ag_Strat,Ag,August
2000,27.60685,TAR,Ag_Strat,Ag,August
2001,28.07595,TAR,Ag_Strat,Ag,August
2002,28.59302,TAR,Ag_Strat,Ag,August
2003,28.5283,TAR,Ag_Strat,Ag,August
2004,26.61485,TAR,Ag_Strat,Ag,August
2005,28.87434,TAR,Ag_Strat,Ag,August
2006,28.8993,TAR,Ag_Strat,Ag,August
2007,28.58982,TAR,Ag_Strat,Ag,August
2008,27.8051,TAR,Ag_Strat,Ag,August
2009,27.9706,TAR,Ag_Strat,Ag,August
2010,30.3283,TAR,Ag_Strat,Ag,August
2011,29.49765,TAR,Ag_Strat,Ag,August
2012,28.3,TAR,Ag_Strat,Ag,August
2015,27.7165,TAR,Ag_Strat,Ag,August
2016,30.2113,TAR,Ag_Strat,Ag,August
2017,26.97796667,TAR,Ag_Strat,Ag,August
2018,27.5802,TAR,Ag_Strat,Ag,August
1989,24.53283571,BHR,Forest,For,September
1990,24.9418,BHR,Forest,For,September
1991,26.4586,BHR,Forest,For,September
1992,23.847175,BHR,Forest,For,September
1993,25.2289,BHR,Forest,For,September
1994,23.9207,BHR,Forest,For,September
1995,24.198925,BHR,Forest,For,September
1996,24.99395,BHR,Forest,For,September
1997,24.47199,BHR,Forest,For,September
1998,27.07715,BHR,Forest,For,September
1999,26.2035,BHR,Forest,For,September
2000,24.7922,BHR,Forest,For,September
2001,25.4914,BHR,Forest,For,September
2002,25.84785,BHR,Forest,For,September
2003,24.9707,BHR,Forest,For,September
2004,23.5543,BHR,Forest,For,September
2005,26.45565,BHR,Forest,For,September
2006,25.08861667,BHR,Forest,For,September
2007,25.3422,BHR,Forest,For,September
2008,25.85761667,BHR,Forest,For,September
2009,24.57715,BHR,Forest,For,September
2010,25.29418333,BHR,Forest,For,September
2015,25.90295,BHR,Forest,For,September
2016,26.95331667,BHR,Forest,For,September
2017,24.0172,BHR,Forest,For,September
2018,27.4604,BHR,Forest,For,September
1989,25.3148,BRR,Ag_Strat,Ag,September
1990,25.7046,BRR,Ag_Strat,Ag,September
1991,26.12214,BRR,Ag_Strat,Ag,September
1992,24.9525,BRR,Ag_Strat,Ag,September
1993,25.4727,BRR,Ag_Strat,Ag,September
1995,25.0023,BRR,Ag_Strat,Ag,September
1996,24.7694,BRR,Ag_Strat,Ag,September
1997,24.7799,BRR,Ag_Strat,Ag,September
1998,27.2454,BRR,Ag_Strat,Ag,September
1999,25.2227,BRR,Ag_Strat,Ag,September
2000,25.56398,BRR,Ag_Strat,Ag,September
2001,25.9095,BRR,Ag_Strat,Ag,September
2002,26.92806667,BRR,Ag_Strat,Ag,September
2003,25.7799,BRR,Ag_Strat,Ag,September
2004,25.3899,BRR,Ag_Strat,Ag,September
2005,26.13542,BRR,Ag_Strat,Ag,September
2006,24.8023,BRR,Ag_Strat,Ag,September
2007,26.1223,BRR,Ag_Strat,Ag,September
2008,25.0799,BRR,Ag_Strat,Ag,September
2009,25.70662,BRR,Ag_Strat,Ag,September
2010,26.59642,BRR,Ag_Strat,Ag,September
2015,27.0127,BRR,Ag_Strat,Ag,September
2016,27.1051,BRR,Ag_Strat,Ag,September
2017,26.40703333,BRR,Ag_Strat,Ag,September
2018,27.6403,BRR,Ag_Strat,Ag,September
1989,22.757275,BVR,Ag_Strat,Ag,September
1990,24.08545,BVR,Ag_Strat,Ag,September
1991,23.93708333,BVR,Ag_Strat,Ag,September
1992,20.7041,BVR,Ag_Strat,Ag,September
1993,22.40373,BVR,Ag_Strat,Ag,September
1994,22.84775,BVR,Ag_Strat,Ag,September
1995,23.11865,BVR,Ag_Strat,Ag,September
1996,23.342725,BVR,Ag_Strat,Ag,September
1997,26.474075,BVR,Ag_Strat,Ag,September
1998,24.88558333,BVR,Ag_Strat,Ag,September
1999,23.4168,BVR,Ag_Strat,Ag,September
2000,22.9832,BVR,Ag_Strat,Ag,September
2001,23.78435,BVR,Ag_Strat,Ag,September
2002,24.68175,BVR,Ag_Strat,Ag,September
2003,24.26318333,BVR,Ag_Strat,Ag,September
2004,23.85771667,BVR,Ag_Strat,Ag,September
2005,25.4998,BVR,Ag_Strat,Ag,September
2006,22.40595,BVR,Ag_Strat,Ag,September
2007,24.66701,BVR,Ag_Strat,Ag,September
2008,23.99795,BVR,Ag_Strat,Ag,September
2009,23.47376667,BVR,Ag_Strat,Ag,September
2010,24.221825,BVR,Ag_Strat,Ag,September
2015,24.28505,BVR,Ag_Strat,Ag,September
2016,24.5455,BVR,Ag_Strat,Ag,September
2017,22.65678333,BVR,Ag_Strat,Ag,September
2018,24.23135,BVR,Ag_Strat,Ag,September
1989,21.05,CBR,Ag_No_Strat,Ag,September
1990,21.97926667,CBR,Ag_No_Strat,Ag,September
1991,22.00355,CBR,Ag_No_Strat,Ag,September
1992,20.94055,CBR,Ag_No_Strat,Ag,September
1993,21.57433,CBR,Ag_No_Strat,Ag,September
1994,20.8503,CBR,Ag_No_Strat,Ag,September
1995,23.0884,CBR,Ag_No_Strat,Ag,September
1996,21.58475,CBR,Ag_No_Strat,Ag,September
1997,21.95811,CBR,Ag_No_Strat,Ag,September
1998,23.45945,CBR,Ag_No_Strat,Ag,September
1999,21.9372,CBR,Ag_No_Strat,Ag,September
2000,22.33615,CBR,Ag_No_Strat,Ag,September
2001,21.68055,CBR,Ag_No_Strat,Ag,September
2002,23.85945,CBR,Ag_No_Strat,Ag,September
2003,22.22433,CBR,Ag_No_Strat,Ag,September
2004,22.719975,CBR,Ag_No_Strat,Ag,September
2005,23.548325,CBR,Ag_No_Strat,Ag,September
2006,21.95,CBR,Ag_No_Strat,Ag,September
2007,23.53165,CBR,Ag_No_Strat,Ag,September
2008,24.05051667,CBR,Ag_No_Strat,Ag,September
2009,22.76495,CBR,Ag_No_Strat,Ag,September
2010,22.194975,CBR,Ag_No_Strat,Ag,September
2014,23.22285,CBR,Ag_No_Strat,Ag,September
2015,22.87085,CBR,Ag_No_Strat,Ag,September
2016,24.84115,CBR,Ag_No_Strat,Ag,September
2017,22.62225,CBR,Ag_No_Strat,Ag,September
2018,24.259475,CBR,Ag_No_Strat,Ag,September
1989,22.2348,CCK,Ag_Strat,Ag,September
1990,23.475,CCK,Ag_Strat,Ag,September
1991,23.2828,CCK,Ag_Strat,Ag,September
1992,22.3424,CCK,Ag_Strat,Ag,September
1993,21.6376,CCK,Ag_Strat,Ag,September
1994,21.77976,CCK,Ag_Strat,Ag,September
1995,23.4022,CCK,Ag_Strat,Ag,September
1996,23.9739,CCK,Ag_Strat,Ag,September
1997,23.64024,CCK,Ag_Strat,Ag,September
1998,24.79152,CCK,Ag_Strat,Ag,September
1999,23.071,CCK,Ag_Strat,Ag,September
2000,23.2049,CCK,Ag_Strat,Ag,September
2001,23.4544,CCK,Ag_Strat,Ag,September
2002,25.67293333,CCK,Ag_Strat,Ag,September
2003,24.35186667,CCK,Ag_Strat,Ag,September
2004,23.7608,CCK,Ag_Strat,Ag,September
2005,24.90976,CCK,Ag_Strat,Ag,September
2006,22.72496,CCK,Ag_Strat,Ag,September
2007,24.43733333,CCK,Ag_Strat,Ag,September
2008,23.73976,CCK,Ag_Strat,Ag,September
2009,23.749,CCK,Ag_Strat,Ag,September
2010,23.05613333,CCK,Ag_Strat,Ag,September
2013,23.6556,CCK,Ag_Strat,Ag,September
2014,24.114,CCK,Ag_Strat,Ag,September
2015,22.9552,CCK,Ag_Strat,Ag,September
2016,25.09666667,CCK,Ag_Strat,Ag,September
2017,26.2686,CCK,Ag_Strat,Ag,September
2018,25.9522,CCK,Ag_Strat,Ag,September
1989,24.7,CFK,Forest,For,September
1990,25.1483,CFK,Forest,For,September
1991,26.77016667,CFK,Forest,For,September
1992,24.09305,CFK,Forest,For,September
1993,24.0409,CFK,Forest,For,September
1994,23.2463,CFK,Forest,For,September
1995,24.61435,CFK,Forest,For,September
1996,24.75725,CFK,Forest,For,September
1997,23.96095,CFK,Forest,For,September
1998,25.7685,CFK,Forest,For,September
1999,23.6929,CFK,Forest,For,September
2000,25.22855,CFK,Forest,For,September
2001,24.2179,CFK,Forest,For,September
2002,26.5753,CFK,Forest,For,September
2003,25.5284,CFK,Forest,For,September
2004,25.5105,CFK,Forest,For,September
2005,26.2179,CFK,Forest,For,September
2006,24.7574,CFK,Forest,For,September
2007,25.54423333,CFK,Forest,For,September
2008,25.7503,CFK,Forest,For,September
2009,25.2667,CFK,Forest,For,September
2010,25.60458,CFK,Forest,For,September
2014,25.5809,CFK,Forest,For,September
2015,25.6361,CFK,Forest,For,September
2016,27.3892,CFK,Forest,For,September
2017,27.6673,CFK,Forest,For,September
2018,27.9738,CFK,Forest,For,September
Row Labels,CHL,CHL,Ag_No_Strat,Ag,September
1989,22.91115,CHL,Ag_No_Strat,Ag,September
1990,24.66035,CHL,Ag_No_Strat,Ag,September
1991,24.31215,CHL,Ag_No_Strat,Ag,September
1992,22.71081667,CHL,Ag_No_Strat,Ag,September
1993,23.13061667,CHL,Ag_No_Strat,Ag,September
1994,21.69775,CHL,Ag_No_Strat,Ag,September
1995,23.572975,CHL,Ag_No_Strat,Ag,September
1996,23.29955,CHL,Ag_No_Strat,Ag,September
1997,23.39649,CHL,Ag_No_Strat,Ag,September
1998,25.59865,CHL,Ag_No_Strat,Ag,September
1999,23.76711667,CHL,Ag_No_Strat,Ag,September
2000,23.5615,CHL,Ag_No_Strat,Ag,September
2001,24.72295,CHL,Ag_No_Strat,Ag,September
2002,25.6392,CHL,Ag_No_Strat,Ag,September
2003,23.62658333,CHL,Ag_No_Strat,Ag,September
2004,24.83245,CHL,Ag_No_Strat,Ag,September
2005,25.8696,CHL,Ag_No_Strat,Ag,September
2006,22.652,CHL,Ag_No_Strat,Ag,September
2007,25.39325,CHL,Ag_No_Strat,Ag,September
2008,24.5635,CHL,Ag_No_Strat,Ag,September
2010,24.53198333,CHL,Ag_No_Strat,Ag,September
2013,24.87165,CHL,Ag_No_Strat,Ag,September
2015,23.24525,CHL,Ag_No_Strat,Ag,September
1989,22.3395,CMR,Ag_No_Strat,Ag,September
1990,22.589,CMR,Ag_No_Strat,Ag,September
1991,24.9035,CMR,Ag_No_Strat,Ag,September
1992,22.93925,CMR,Ag_No_Strat,Ag,September
1993,22.9855,CMR,Ag_No_Strat,Ag,September
1994,23.165,CMR,Ag_No_Strat,Ag,September
1995,24.7495,CMR,Ag_No_Strat,Ag,September
1996,23.77975,CMR,Ag_No_Strat,Ag,September
1997,23.11525,CMR,Ag_No_Strat,Ag,September
1998,25.5885,CMR,Ag_No_Strat,Ag,September
1999,23.5615,CMR,Ag_No_Strat,Ag,September
2000,24.3075,CMR,Ag_No_Strat,Ag,September
2001,24.8965,CMR,Ag_No_Strat,Ag,September
2002,25.2485,CMR,Ag_No_Strat,Ag,September
2003,26.204,CMR,Ag_No_Strat,Ag,September
2004,24.7365,CMR,Ag_No_Strat,Ag,September
2005,26.2895,CMR,Ag_No_Strat,Ag,September
2006,23.9185,CMR,Ag_No_Strat,Ag,September
2007,26.069,CMR,Ag_No_Strat,Ag,September
2008,24.4235,CMR,Ag_No_Strat,Ag,September
2009,25.2275,CMR,Ag_No_Strat,Ag,September
2010,24.5635,CMR,Ag_No_Strat,Ag,September
2014,24.8645,CMR,Ag_No_Strat,Ag,September
2015,26.6765,CMR,Ag_No_Strat,Ag,September
2016,26.1935,CMR,Ag_No_Strat,Ag,September
2017,24.9755,CMR,Ag_No_Strat,Ag,September
2018,26.3385,CMR,Ag_No_Strat,Ag,September
1989,24.4,CRR,Forest,For,September
1990,24.2835,CRR,Forest,For,September
1991,24.731,CRR,Forest,For,September
1992,24.017,CRR,Forest,For,September
1993,23.7705,CRR,Forest,For,September
1994,22.7675,CRR,Forest,For,September
1995,23.2115,CRR,Forest,For,September
1996,24.171,CRR,Forest,For,September
1997,23.7454,CRR,Forest,For,September
1998,26.0465,CRR,Forest,For,September
1999,23.8094,CRR,Forest,For,September
2000,24.3605,CRR,Forest,For,September
2001,25.08166667,CRR,Forest,For,September
2002,25.3978,CRR,Forest,For,September
2003,24.5446,CRR,Forest,For,September
2004,24.4822,CRR,Forest,For,September
2005,26.378,CRR,Forest,For,September
2006,23.1395,CRR,Forest,For,September
2007,24.9055,CRR,Forest,For,September
2008,24.5638,CRR,Forest,For,September
2009,24.0985,CRR,Forest,For,September
2010,24.2685,CRR,Forest,For,September
2013,25.633,CRR,Forest,For,September
2015,25.701,CRR,Forest,For,September
2016,26.87966667,CRR,Forest,For,September
2017,25.135,CRR,Forest,For,September
2018,26.215,CRR,Forest,For,September
1989,22.7816,EFR,Ag_Strat,Ag,September
1990,23.13525,EFR,Ag_Strat,Ag,September
1991,25.54736667,EFR,Ag_Strat,Ag,September
1992,24.16095,EFR,Ag_Strat,Ag,September
1993,23.11516667,EFR,Ag_Strat,Ag,September
1994,23.89476667,EFR,Ag_Strat,Ag,September
1995,24.07865,EFR,Ag_Strat,Ag,September
1996,23.50034,EFR,Ag_Strat,Ag,September
1997,24.59326,EFR,Ag_Strat,Ag,September
1998,27.3791,EFR,Ag_Strat,Ag,September
1999,23.32966,EFR,Ag_Strat,Ag,September
2000,23.00356667,EFR,Ag_Strat,Ag,September
2001,24.4007,EFR,Ag_Strat,Ag,September
2002,25.4389,EFR,Ag_Strat,Ag,September
2003,24.92326,EFR,Ag_Strat,Ag,September
2004,24.31405,EFR,Ag_Strat,Ag,September
2005,25.75745,EFR,Ag_Strat,Ag,September
2006,22.76494,EFR,Ag_Strat,Ag,September
2007,25.95365,EFR,Ag_Strat,Ag,September
2008,24.83618,EFR,Ag_Strat,Ag,September
2009,23.56133333,EFR,Ag_Strat,Ag,September
2010,24.4661,EFR,Ag_Strat,Ag,September
2013,24.1753,EFR,Ag_Strat,Ag,September
2014,24.2691,EFR,Ag_Strat,Ag,September
2015,24.6531,EFR,Ag_Strat,Ag,September
2016,25.8955,EFR,Ag_Strat,Ag,September
2017,24.4868,EFR,Ag_Strat,Ag,September
2018,27.0719,EFR,Ag_Strat,Ag,September
1989,24.4184,GRR,Ag_Strat,Ag,September
1990,24.36618571,GRR,Ag_Strat,Ag,September
1991,23.53962,GRR,Ag_Strat,Ag,September
1992,22.49936667,GRR,Ag_Strat,Ag,September
1993,24.44575,GRR,Ag_Strat,Ag,September
1994,24.27665,GRR,Ag_Strat,Ag,September
1995,24.58255,GRR,Ag_Strat,Ag,September
1996,24.62962,GRR,Ag_Strat,Ag,September
1997,24.17302,GRR,Ag_Strat,Ag,September
1998,26.51485,GRR,Ag_Strat,Ag,September
1999,24.35825,GRR,Ag_Strat,Ag,September
2000,24.95642,GRR,Ag_Strat,Ag,September
2001,24.90378,GRR,Ag_Strat,Ag,September
2002,27.36962,GRR,Ag_Strat,Ag,September
2003,25.1368,GRR,Ag_Strat,Ag,September
2004,24.9974,GRR,Ag_Strat,Ag,September
2005,26.03774,GRR,Ag_Strat,Ag,September
2006,23.87043333,GRR,Ag_Strat,Ag,September
2007,26.73845,GRR,Ag_Strat,Ag,September
2008,25.78333333,GRR,Ag_Strat,Ag,September
2009,25.53985,GRR,Ag_Strat,Ag,September
2010,26.50024545,GRR,Ag_Strat,Ag,September
2012,25.4519,GRR,Ag_Strat,Ag,September
2015,26.08915,GRR,Ag_Strat,Ag,September
2016,27.7816,GRR,Ag_Strat,Ag,September
2017,24.9625,GRR,Ag_Strat,Ag,September
2018,26.9059,GRR,Ag_Strat,Ag,September
1989,20.5946,HTR,Ag_No_Strat,Ag,September
1990,22.51466667,HTR,Ag_No_Strat,Ag,September
1991,22.70333333,HTR,Ag_No_Strat,Ag,September
1992,18.9294,HTR,Ag_No_Strat,Ag,September
1993,21.6655,HTR,Ag_No_Strat,Ag,September
1994,22.87506667,HTR,Ag_No_Strat,Ag,September
1996,22.3108,HTR,Ag_No_Strat,Ag,September
1997,21.2318,HTR,Ag_No_Strat,Ag,September
1998,21.856,HTR,Ag_No_Strat,Ag,September
1999,22.2594,HTR,Ag_No_Strat,Ag,September
2000,22.396,HTR,Ag_No_Strat,Ag,September
2001,21.5872,HTR,Ag_No_Strat,Ag,September
2002,25.0966,HTR,Ag_No_Strat,Ag,September
2003,23.3872,HTR,Ag_No_Strat,Ag,September
2004,23.9108,HTR,Ag_No_Strat,Ag,September
2005,24.3264,HTR,Ag_No_Strat,Ag,September
2006,20.5696,HTR,Ag_No_Strat,Ag,September
2007,23.5236,HTR,Ag_No_Strat,Ag,September
2008,22.725,HTR,Ag_No_Strat,Ag,September
2009,20.756,HTR,Ag_No_Strat,Ag,September
2010,21.9624,HTR,Ag_No_Strat,Ag,September
2013,23.07853333,HTR,Ag_No_Strat,Ag,September
2014,20.8832,HTR,Ag_No_Strat,Ag,September
2015,22.7268,HTR,Ag_No_Strat,Ag,September
2016,25.094,HTR,Ag_No_Strat,Ag,September
2017,23.3588,HTR,Ag_No_Strat,Ag,September
2018,24.729,HTR,Ag_No_Strat,Ag,September
1989,23.2,MNR,Forest,For,September
1990,23.6375,MNR,Forest,For,September
1991,24.67291667,MNR,Forest,For,September
1992,22.328125,MNR,Forest,For,September
1993,23.61458333,MNR,Forest,For,September
1994,22.73958333,MNR,Forest,For,September
1995,24.575,MNR,Forest,For,September
1996,23.9125,MNR,Forest,For,September
1997,23.9875,MNR,Forest,For,September
1998,25.784375,MNR,Forest,For,September
1999,23.88125,MNR,Forest,For,September
2000,24.590625,MNR,Forest,For,September
2001,24.98875,MNR,Forest,For,September
2002,26.25347222,MNR,Forest,For,September
2003,24.41666667,MNR,Forest,For,September
2004,24.94625,MNR,Forest,For,September
2005,26.190625,MNR,Forest,For,September
2006,24.24375,MNR,Forest,For,September
2007,25.653125,MNR,Forest,For,September
2008,25.1875,MNR,Forest,For,September
2009,23.99375,MNR,Forest,For,September
2010,24.46875,MNR,Forest,For,September
2015,24.04375,MNR,Forest,For,September
2016,26.17291667,MNR,Forest,For,September
2017,25.4625,MNR,Forest,For,September
2018,25.775,MNR,Forest,For,September
1989,20.843275,MSR,Ag_No_Strat,Ag,September
1990,21.300975,MSR,Ag_No_Strat,Ag,September
1991,22.5077,MSR,Ag_No_Strat,Ag,September
1992,19.62881667,MSR,Ag_No_Strat,Ag,September
1993,20.15095,MSR,Ag_No_Strat,Ag,September
1994,23.35445,MSR,Ag_No_Strat,Ag,September
1995,23.06475,MSR,Ag_No_Strat,Ag,September
1996,22.71991667,MSR,Ag_No_Strat,Ag,September
1997,23.9731,MSR,Ag_No_Strat,Ag,September
1998,23.52115,MSR,Ag_No_Strat,Ag,September
1999,22.5615,MSR,Ag_No_Strat,Ag,September
2000,21.94418333,MSR,Ag_No_Strat,Ag,September
2001,22.7385,MSR,Ag_No_Strat,Ag,September
2002,25.29615,MSR,Ag_No_Strat,Ag,September
2003,21.49615,MSR,Ag_No_Strat,Ag,September
2004,23.98655,MSR,Ag_No_Strat,Ag,September
2005,23.8981,MSR,Ag_No_Strat,Ag,September
2006,22.34805,MSR,Ag_No_Strat,Ag,September
2007,23.7135,MSR,Ag_No_Strat,Ag,September
2008,23.62115,MSR,Ag_No_Strat,Ag,September
2009,23.09678333,MSR,Ag_No_Strat,Ag,September
2010,23.26215,MSR,Ag_No_Strat,Ag,September
2013,23.91735,MSR,Ag_No_Strat,Ag,September
2014,23.15185,MSR,Ag_No_Strat,Ag,September
2016,25.08845,MSR,Ag_No_Strat,Ag,September
2017,22.98655,MSR,Ag_No_Strat,Ag,September
2018,26.55575,MSR,Ag_No_Strat,Ag,September
1989,24.8358,NRR,Ag_No_Strat,Ag,September
1990,24.815775,NRR,Ag_No_Strat,Ag,September
1991,25.76369,NRR,Ag_No_Strat,Ag,September
1992,24.11391667,NRR,Ag_No_Strat,Ag,September
1993,24.545875,NRR,Ag_No_Strat,Ag,September
1994,22.406675,NRR,Ag_No_Strat,Ag,September
1995,22.2983,NRR,Ag_No_Strat,Ag,September
1996,22.00903,NRR,Ag_No_Strat,Ag,September
1997,20.493325,NRR,Ag_No_Strat,Ag,September
1998,21.174275,NRR,Ag_No_Strat,Ag,September
1999,25.045875,NRR,Ag_No_Strat,Ag,September
2000,25.45359,NRR,Ag_No_Strat,Ag,September
2001,25.88705,NRR,Ag_No_Strat,Ag,September
2002,26.76903,NRR,Ag_No_Strat,Ag,September
2003,25.36301,NRR,Ag_No_Strat,Ag,September
2004,25.483375,NRR,Ag_No_Strat,Ag,September
2005,26.58381667,NRR,Ag_No_Strat,Ag,September
2006,24.27369,NRR,Ag_No_Strat,Ag,September
2007,26.07415,NRR,Ag_No_Strat,Ag,September
2008,25.13767,NRR,Ag_No_Strat,Ag,September
2009,25.54175,NRR,Ag_No_Strat,Ag,September
2010,25.25107,NRR,Ag_No_Strat,Ag,September
2012,25.42135,NRR,Ag_No_Strat,Ag,September
2015,26.52751667,NRR,Ag_No_Strat,Ag,September
2016,27.64005,NRR,Ag_No_Strat,Ag,September
2017,24.38325,NRR,Ag_No_Strat,Ag,September
2018,27.5432,NRR,Ag_No_Strat,Ag,September
1989,23.90275,PRR,Forest,For,September
1990,23.8875,PRR,Forest,For,September
1991,26.52083333,PRR,Forest,For,September
1992,23.04125,PRR,Forest,For,September
1993,25.08383333,PRR,Forest,For,September
1994,24.599,PRR,Forest,For,September
1995,24.65875,PRR,Forest,For,September
1996,23.81025,PRR,Forest,For,September
1997,23.57825,PRR,Forest,For,September
1998,26.0131,PRR,Forest,For,September
1999,23.9625,PRR,Forest,For,September
2000,24.118,PRR,Forest,For,September
2001,25.22275,PRR,Forest,For,September
2002,25.7825,PRR,Forest,For,September
2003,24.7157,PRR,Forest,For,September
2004,25.0691,PRR,Forest,For,September
2005,26.3339,PRR,Forest,For,September
2006,23.68425,PRR,Forest,For,September
2007,25.413,PRR,Forest,For,September
2008,24.43925,PRR,Forest,For,September
2009,26.72125,PRR,Forest,For,September
2010,27.57275,PRR,Forest,For,September
2015,25.751,PRR,Forest,For,September
2016,27.1315,PRR,Forest,For,September
2017,25.687,PRR,Forest,For,September
2018,27.1195,PRR,Forest,For,September
1989,23.6803,RRR,Ag_Strat,Ag,September
1990,25.2374,RRR,Ag_Strat,Ag,September
1991,26.0053,RRR,Ag_Strat,Ag,September
1992,24.08933333,RRR,Ag_Strat,Ag,September
1993,24.3197,RRR,Ag_Strat,Ag,September
1994,23.9875,RRR,Ag_Strat,Ag,September
1995,24.7589,RRR,Ag_Strat,Ag,September
1996,24.8936,RRR,Ag_Strat,Ag,September
1997,24.3964,RRR,Ag_Strat,Ag,September
1998,27.1642,RRR,Ag_Strat,Ag,September
1999,24.282,RRR,Ag_Strat,Ag,September
2000,25.6676,RRR,Ag_Strat,Ag,September
2001,25.8868,RRR,Ag_Strat,Ag,September
2002,26.5086,RRR,Ag_Strat,Ag,September
2003,25.6248,RRR,Ag_Strat,Ag,September
2004,24.5388,RRR,Ag_Strat,Ag,September
2005,27.6288,RRR,Ag_Strat,Ag,September
2006,25.0252,RRR,Ag_Strat,Ag,September
2007,25.464,RRR,Ag_Strat,Ag,September
2008,25.0818,RRR,Ag_Strat,Ag,September
2009,25.8896,RRR,Ag_Strat,Ag,September
2010,25.6252,RRR,Ag_Strat,Ag,September
2012,25.2244,RRR,Ag_Strat,Ag,September
2013,26.3108,RRR,Ag_Strat,Ag,September
2014,25.7528,RRR,Ag_Strat,Ag,September
2015,26.9684,RRR,Ag_Strat,Ag,September
2016,27.3176,RRR,Ag_Strat,Ag,September
2017,25.9606,RRR,Ag_Strat,Ag,September
1989,22.796975,SRR,Ag_No_Strat,Ag,September
1990,23.6004,SRR,Ag_No_Strat,Ag,September
1991,24.28748333,SRR,Ag_No_Strat,Ag,September
1992,21.88185,SRR,Ag_No_Strat,Ag,September
1993,21.76605,SRR,Ag_No_Strat,Ag,September
1994,24.23025,SRR,Ag_No_Strat,Ag,September
1995,22.97055,SRR,Ag_No_Strat,Ag,September
1996,23.22835,SRR,Ag_No_Strat,Ag,September
1998,24.64235,SRR,Ag_No_Strat,Ag,September
1999,23.09798333,SRR,Ag_No_Strat,Ag,September
2000,22.6984,SRR,Ag_No_Strat,Ag,September
2001,22.5766,SRR,Ag_No_Strat,Ag,September
2002,23.3879,SRR,Ag_No_Strat,Ag,September
2003,22.81895,SRR,Ag_No_Strat,Ag,September
2004,23.83131667,SRR,Ag_No_Strat,Ag,September
2005,25.15445,SRR,Ag_No_Strat,Ag,September
2006,22.8863,SRR,Ag_No_Strat,Ag,September
2007,22.60845,SRR,Ag_No_Strat,Ag,September
2008,23.425,SRR,Ag_No_Strat,Ag,September
2009,21.28105,SRR,Ag_No_Strat,Ag,September
2010,22.8387,SRR,Ag_No_Strat,Ag,September
2014,21.52865,SRR,Ag_No_Strat,Ag,September
2015,23.55605,SRR,Ag_No_Strat,Ag,September
2016,26.24315,SRR,Ag_No_Strat,Ag,September
2017,21.84475,SRR,Ag_No_Strat,Ag,September
2018,24.6395,SRR,Ag_No_Strat,Ag,September
1989,23.91195,TAR,Ag_Strat,Ag,September
1990,23.7201,TAR,Ag_Strat,Ag,September
1991,25.16776667,TAR,Ag_Strat,Ag,September
1992,23.25215,TAR,Ag_Strat,Ag,September
1993,23.9723,TAR,Ag_Strat,Ag,September
1994,23.1674,TAR,Ag_Strat,Ag,September
1995,24.6163,TAR,Ag_Strat,Ag,September
1996,24.30705,TAR,Ag_Strat,Ag,September
1997,24.28326,TAR,Ag_Strat,Ag,September
1998,26.86415,TAR,Ag_Strat,Ag,September
1999,24.86451818,TAR,Ag_Strat,Ag,September
2000,24.4538,TAR,Ag_Strat,Ag,September
2001,25.46696667,TAR,Ag_Strat,Ag,September
2002,25.87414,TAR,Ag_Strat,Ag,September
2003,24.63153333,TAR,Ag_Strat,Ag,September
2004,25.09498,TAR,Ag_Strat,Ag,September
2005,25.7652,TAR,Ag_Strat,Ag,September
2006,23.99236667,TAR,Ag_Strat,Ag,September
2007,25.75705,TAR,Ag_Strat,Ag,September
2008,25.06905,TAR,Ag_Strat,Ag,September
2009,26.49295,TAR,Ag_Strat,Ag,September
2010,25.6863,TAR,Ag_Strat,Ag,September
2011,24.07935,TAR,Ag_Strat,Ag,September
2012,24.75325,TAR,Ag_Strat,Ag,September
2013,25.0837,TAR,Ag_Strat,Ag,September
2015,26.1891,TAR,Ag_Strat,Ag,September
2016,27.34816667,TAR,Ag_Strat,Ag,September
2017,24.9511,TAR,Ag_Strat,Ag,September
2018,27.0956,TAR,Ag_Strat,Ag,September
1989,16.72075,BHR,Forest,For,October
1990,19.11762,BHR,Forest,For,October
1991,18.62525,BHR,Forest,For,October
1992,18.9454,BHR,Forest,For,October
1993,18.13835,BHR,Forest,For,October
1994,19.19863333,BHR,Forest,For,October
1995,18.5068,BHR,Forest,For,October
1997,20.8755,BHR,Forest,For,October
1998,21.3233,BHR,Forest,For,October
1999,22.4097,BHR,Forest,For,October
2000,19.0221,BHR,Forest,For,October
2001,18.7983,BHR,Forest,For,October
2002,21.3801,BHR,Forest,For,October
2003,19.2318,BHR,Forest,For,October
2004,18.2636,BHR,Forest,For,October
2005,21.1898,BHR,Forest,For,October
2006,19.0704,BHR,Forest,For,October
2007,21.5517,BHR,Forest,For,October
2008,20.2847,BHR,Forest,For,October
2009,18.9102,BHR,Forest,For,October
2010,20.4085,BHR,Forest,For,October
2015,20.358,BHR,Forest,For,October
2016,22.49263333,BHR,Forest,For,October
2017,20.8687,BHR,Forest,For,October
2018,20.2983,BHR,Forest,For,October
1989,19.14188,BRR,Ag_Strat,Ag,October
1990,19.91348,BRR,Ag_Strat,Ag,October
1991,18.5114,BRR,Ag_Strat,Ag,October
1992,19.3254,BRR,Ag_Strat,Ag,October
1993,19.2337,BRR,Ag_Strat,Ag,October
1995,20.3598,BRR,Ag_Strat,Ag,October
1997,21.55846667,BRR,Ag_Strat,Ag,October
1998,22.45,BRR,Ag_Strat,Ag,October
1999,19.9241,BRR,Ag_Strat,Ag,October
2000,20.3942,BRR,Ag_Strat,Ag,October
2001,19.53348,BRR,Ag_Strat,Ag,October
2002,21.1989,BRR,Ag_Strat,Ag,October
2003,20.4355,BRR,Ag_Strat,Ag,October
2004,20.4087,BRR,Ag_Strat,Ag,October
2005,21.8328,BRR,Ag_Strat,Ag,October
2006,19.557,BRR,Ag_Strat,Ag,October
2007,21.95348,BRR,Ag_Strat,Ag,October
2008,21.0355,BRR,Ag_Strat,Ag,October
2009,18.9094,BRR,Ag_Strat,Ag,October
2010,20.6587,BRR,Ag_Strat,Ag,October
2015,20.4862,BRR,Ag_Strat,Ag,October
2016,23.1674,BRR,Ag_Strat,Ag,October
2017,21.5522,BRR,Ag_Strat,Ag,October
2018,21.91473333,BRR,Ag_Strat,Ag,October
1989,17.22683333,BVR,Ag_Strat,Ag,October
1990,17.07696667,BVR,Ag_Strat,Ag,October
1991,15.87155,BVR,Ag_Strat,Ag,October
1993,15.2179,BVR,Ag_Strat,Ag,October
1995,17.3687,BVR,Ag_Strat,Ag,October
1996,17.48425,BVR,Ag_Strat,Ag,October
1997,18.7128,BVR,Ag_Strat,Ag,October
1998,19.70935,BVR,Ag_Strat,Ag,October
1999,17.6063,BVR,Ag_Strat,Ag,October
2000,18.5375,BVR,Ag_Strat,Ag,October
2001,17.91856667,BVR,Ag_Strat,Ag,October
2002,18.9287,BVR,Ag_Strat,Ag,October
2003,18.6504,BVR,Ag_Strat,Ag,October
2004,19.6006,BVR,Ag_Strat,Ag,October
2005,19.76476667,BVR,Ag_Strat,Ag,October
2007,19.96146,BVR,Ag_Strat,Ag,October
2008,19.86382,BVR,Ag_Strat,Ag,October
2009,17.14942,BVR,Ag_Strat,Ag,October
2010,19.1624,BVR,Ag_Strat,Ag,October
2015,19.3191,BVR,Ag_Strat,Ag,October
2016,20.3199,BVR,Ag_Strat,Ag,October
2017,20.76056667,BVR,Ag_Strat,Ag,October
2018,18.8573,BVR,Ag_Strat,Ag,October
1989,14.67375,CBR,Ag_No_Strat,Ag,October
1990,15.79068333,CBR,Ag_No_Strat,Ag,October
1991,13.95295,CBR,Ag_No_Strat,Ag,October
1992,14.06535,CBR,Ag_No_Strat,Ag,October
1993,14.65275,CBR,Ag_No_Strat,Ag,October
1994,14.9122,CBR,Ag_No_Strat,Ag,October
1997,16.64015,CBR,Ag_No_Strat,Ag,October
1998,16.63385,CBR,Ag_No_Strat,Ag,October
1999,15.42795,CBR,Ag_No_Strat,Ag,October
2000,14.73608333,CBR,Ag_No_Strat,Ag,October
2001,14.789175,CBR,Ag_No_Strat,Ag,October
2002,18.29035,CBR,Ag_No_Strat,Ag,October
2003,15.1809,CBR,Ag_No_Strat,Ag,October
2004,15.99251667,CBR,Ag_No_Strat,Ag,October
2006,15.92125,CBR,Ag_No_Strat,Ag,October
2007,19.32808333,CBR,Ag_No_Strat,Ag,October
2008,17.14461667,CBR,Ag_No_Strat,Ag,October
2009,13.74645,CBR,Ag_No_Strat,Ag,October
2010,16.5875,CBR,Ag_No_Strat,Ag,October
2016,17.96521667,CBR,Ag_No_Strat,Ag,October
2017,18.51535,CBR,Ag_No_Strat,Ag,October
2018,19.43425,CBR,Ag_No_Strat,Ag,October
1989,14.6666,CCK,Ag_Strat,Ag,October
1990,17.1651,CCK,Ag_Strat,Ag,October
1991,16.37503333,CCK,Ag_Strat,Ag,October
1992,16.2337,CCK,Ag_Strat,Ag,October
1993,14.7459,CCK,Ag_Strat,Ag,October
1994,16.0998,CCK,Ag_Strat,Ag,October
1995,18.0541,CCK,Ag_Strat,Ag,October
1996,17.4817,CCK,Ag_Strat,Ag,October
1997,19.4835,CCK,Ag_Strat,Ag,October
1998,19.3195,CCK,Ag_Strat,Ag,October
1999,17.04175,CCK,Ag_Strat,Ag,October
2000,18.36854,CCK,Ag_Strat,Ag,October
2001,16.829,CCK,Ag_Strat,Ag,October
2002,19.1748,CCK,Ag_Strat,Ag,October
2003,18.34683333,CCK,Ag_Strat,Ag,October
2004,18.17905,CCK,Ag_Strat,Ag,October
2005,18.1421,CCK,Ag_Strat,Ag,October
2006,16.51665,CCK,Ag_Strat,Ag,October
2007,19.7085,CCK,Ag_Strat,Ag,October
2008,18.69154,CCK,Ag_Strat,Ag,October
2009,15.80876667,CCK,Ag_Strat,Ag,October
2010,18.59135,CCK,Ag_Strat,Ag,October
2015,18.4741,CCK,Ag_Strat,Ag,October
2016,19.99778,CCK,Ag_Strat,Ag,October
2017,21.4591,CCK,Ag_Strat,Ag,October
2018,19.1751,CCK,Ag_Strat,Ag,October
1989,17.62405,CFK,Forest,For,October
1990,19.00342,CFK,Forest,For,October
1991,19.0181,CFK,Forest,For,October
1992,18.1413,CFK,Forest,For,October
1993,16.1661,CFK,Forest,For,October
1994,19.00175,CFK,Forest,For,October
1995,19.26646,CFK,Forest,For,October
1996,19.5173,CFK,Forest,For,October
1997,20.0943,CFK,Forest,For,October
1998,21.19663333,CFK,Forest,For,October
1999,19.3905,CFK,Forest,For,October
2000,19.99525,CFK,Forest,For,October
2001,19.1345,CFK,Forest,For,October
2002,21.3329,CFK,Forest,For,October
2003,20.325,CFK,Forest,For,October
2004,23.0937,CFK,Forest,For,October
2005,22.1886,CFK,Forest,For,October
2006,19.5845,CFK,Forest,For,October
2007,21.6095,CFK,Forest,For,October
2008,20.0173,CFK,Forest,For,October
2009,18.9519,CFK,Forest,For,October
2010,20.9769,CFK,Forest,For,October
2015,20.4886,CFK,Forest,For,October
2016,22.0095,CFK,Forest,For,October
2017,22.7557,CFK,Forest,For,October
2018,22.9481,CFK,Forest,For,October
1989,15.752425,CHL,Ag_No_Strat,Ag,October
1990,16.7398,CHL,Ag_No_Strat,Ag,October
1991,15.31625,CHL,Ag_No_Strat,Ag,October
1992,15.66915,CHL,Ag_No_Strat,Ag,October
1994,18.62015,CHL,Ag_No_Strat,Ag,October
1995,18.45621667,CHL,Ag_No_Strat,Ag,October
1996,18.38855,CHL,Ag_No_Strat,Ag,October
1997,19.29005,CHL,Ag_No_Strat,Ag,October
1998,19.39565,CHL,Ag_No_Strat,Ag,October
1999,17.36045,CHL,Ag_No_Strat,Ag,October
2000,16.21965,CHL,Ag_No_Strat,Ag,October
2001,17.15,CHL,Ag_No_Strat,Ag,October
2002,19.225,CHL,Ag_No_Strat,Ag,October
2003,17.55995,CHL,Ag_No_Strat,Ag,October
2004,18.0505,CHL,Ag_No_Strat,Ag,October
2005,19.98035,CHL,Ag_No_Strat,Ag,October
2006,16.90025,CHL,Ag_No_Strat,Ag,October
2007,18.56145,CHL,Ag_No_Strat,Ag,October
2008,20.4842,CHL,Ag_No_Strat,Ag,October
2009,17.02935,CHL,Ag_No_Strat,Ag,October
2010,19.22985,CHL,Ag_No_Strat,Ag,October
2015,18.62525,CHL,Ag_No_Strat,Ag,October
1989,15.972,CMR,Ag_No_Strat,Ag,October
1990,16.5868,CMR,Ag_No_Strat,Ag,October
1991,15.969,CMR,Ag_No_Strat,Ag,October
1992,16.13066667,CMR,Ag_No_Strat,Ag,October
1993,15.663,CMR,Ag_No_Strat,Ag,October
1994,18.788,CMR,Ag_No_Strat,Ag,October
1996,16.998,CMR,Ag_No_Strat,Ag,October
1997,19.224,CMR,Ag_No_Strat,Ag,October
1998,19.043,CMR,Ag_No_Strat,Ag,October
1999,17.747,CMR,Ag_No_Strat,Ag,October
2000,18.166,CMR,Ag_No_Strat,Ag,October
2001,17.083,CMR,Ag_No_Strat,Ag,October
2002,18.784,CMR,Ag_No_Strat,Ag,October
2003,17.399,CMR,Ag_No_Strat,Ag,October
2004,18.172,CMR,Ag_No_Strat,Ag,October
2005,19.31,CMR,Ag_No_Strat,Ag,October
2006,16.90733333,CMR,Ag_No_Strat,Ag,October
2007,20.072,CMR,Ag_No_Strat,Ag,October
2008,20.215,CMR,Ag_No_Strat,Ag,October
2009,17.252,CMR,Ag_No_Strat,Ag,October
2010,18.81,CMR,Ag_No_Strat,Ag,October
2013,19.56,CMR,Ag_No_Strat,Ag,October
2015,18.57,CMR,Ag_No_Strat,Ag,October
2016,19.904,CMR,Ag_No_Strat,Ag,October
2017,20.382,CMR,Ag_No_Strat,Ag,October
2018,20.826,CMR,Ag_No_Strat,Ag,October
1989,18.12525,CRR,Forest,For,October
1990,18.99247,CRR,Forest,For,October
1991,17.53825,CRR,Forest,For,October
1992,17.531125,CRR,Forest,For,October
1993,17.625,CRR,Forest,For,October
1994,18.07729,CRR,Forest,For,October
1995,17.76239,CRR,Forest,For,October
1996,18.89975,CRR,Forest,For,October
1997,19.71235,CRR,Forest,For,October
1998,20.51245,CRR,Forest,For,October
1999,18.72505,CRR,Forest,For,October
2000,19.84243,CRR,Forest,For,October
2001,18.94753,CRR,Forest,For,October
2002,19.931025,CRR,Forest,For,October
2003,19.281125,CRR,Forest,For,October
2004,19.5,CRR,Forest,For,October
2005,21.15231,CRR,Forest,For,October
2006,18.12525,CRR,Forest,For,October
2007,21.20251,CRR,Forest,For,October
2008,19.256075,CRR,Forest,For,October
2009,19.031825,CRR,Forest,For,October
2010,19.24275,CRR,Forest,For,October
2015,20.2746,CRR,Forest,For,October
2016,21.45231,CRR,Forest,For,October
2017,22.71295,CRR,Forest,For,October
1989,15.5332,EFR,Ag_Strat,Ag,October
1990,17.8117,EFR,Ag_Strat,Ag,October
1991,16.50148,EFR,Ag_Strat,Ag,October
1992,17.61526667,EFR,Ag_Strat,Ag,October
1994,18.14556,EFR,Ag_Strat,Ag,October
1995,18.5785,EFR,Ag_Strat,Ag,October
1996,17.523,EFR,Ag_Strat,Ag,October
1997,20.2713,EFR,Ag_Strat,Ag,October
1998,20.2547,EFR,Ag_Strat,Ag,October
1999,17.2,EFR,Ag_Strat,Ag,October
2000,18.6554,EFR,Ag_Strat,Ag,October
2001,19.12566667,EFR,Ag_Strat,Ag,October
2002,19.3682,EFR,Ag_Strat,Ag,October
2003,19.2215,EFR,Ag_Strat,Ag,October
2004,19.5293,EFR,Ag_Strat,Ag,October
2005,19.93426667,EFR,Ag_Strat,Ag,October
2006,17.89884,EFR,Ag_Strat,Ag,October
2007,19.51524,EFR,Ag_Strat,Ag,October
2008,19.0215,EFR,Ag_Strat,Ag,October
2009,17.37153333,EFR,Ag_Strat,Ag,October
2010,19.5418,EFR,Ag_Strat,Ag,October
2013,18.9286,EFR,Ag_Strat,Ag,October
2015,20.609,EFR,Ag_Strat,Ag,October
2016,21.4102,EFR,Ag_Strat,Ag,October
2017,21.7828,EFR,Ag_Strat,Ag,October
2018,21.2824,EFR,Ag_Strat,Ag,October
1989,18.04412,GRR,Ag_Strat,Ag,October
1990,17.6226,GRR,Ag_Strat,Ag,October
1991,16.3686,GRR,Ag_Strat,Ag,October
1992,16.7296,GRR,Ag_Strat,Ag,October
1993,16.8688,GRR,Ag_Strat,Ag,October
1994,19.822,GRR,Ag_Strat,Ag,October
1995,19.10953333,GRR,Ag_Strat,Ag,October
1996,19.4936,GRR,Ag_Strat,Ag,October
1997,19.8645,GRR,Ag_Strat,Ag,October
1998,21.4208,GRR,Ag_Strat,Ag,October
1999,19.3667,GRR,Ag_Strat,Ag,October
2000,19.7848,GRR,Ag_Strat,Ag,October
2001,18.3258,GRR,Ag_Strat,Ag,October
2002,21.3186,GRR,Ag_Strat,Ag,October
2003,19.702,GRR,Ag_Strat,Ag,October
2004,19.7563,GRR,Ag_Strat,Ag,October
2005,21.1875,GRR,Ag_Strat,Ag,October
2006,18.96244,GRR,Ag_Strat,Ag,October
2007,21.92252,GRR,Ag_Strat,Ag,October
2008,20.7145,GRR,Ag_Strat,Ag,October
2009,18.7479,GRR,Ag_Strat,Ag,October
2010,20.0542,GRR,Ag_Strat,Ag,October
2015,20.95953333,GRR,Ag_Strat,Ag,October
2016,22.31246667,GRR,Ag_Strat,Ag,October
2017,21.39572,GRR,Ag_Strat,Ag,October
2018,21.96412,GRR,Ag_Strat,Ag,October
Row Labels,HTR,HTR,Ag_No_Strat,Ag,October
1989,13.3399,HTR,Ag_No_Strat,Ag,October
1991,12.81926667,HTR,Ag_No_Strat,Ag,October
1992,14.787,HTR,Ag_No_Strat,Ag,October
1993,14.8942,HTR,Ag_No_Strat,Ag,October
1994,13.8402,HTR,Ag_No_Strat,Ag,October
1998,17.92473333,HTR,Ag_No_Strat,Ag,October
1999,16.66886667,HTR,Ag_No_Strat,Ag,October
2000,11.779,HTR,Ag_No_Strat,Ag,October
2002,18.3886,HTR,Ag_No_Strat,Ag,October
2003,13.5282,HTR,Ag_No_Strat,Ag,October
2004,16.2434,HTR,Ag_No_Strat,Ag,October
2007,18.2814,HTR,Ag_No_Strat,Ag,October
2010,15.7306,HTR,Ag_No_Strat,Ag,October
2015,16.0178,HTR,Ag_No_Strat,Ag,October
2016,19.2064,HTR,Ag_No_Strat,Ag,October
2017,18.879,HTR,Ag_No_Strat,Ag,October
2018,14.504,HTR,Ag_No_Strat,Ag,October
1989,15.50371667,MNR,Forest,For,October
1990,17.106575,MNR,Forest,For,October
1991,16.09541667,MNR,Forest,For,October
1992,17.23665,MNR,Forest,For,October
1993,15.1494,MNR,Forest,For,October
1994,18.18645,MNR,Forest,For,October
1995,18.33711667,MNR,Forest,For,October
1996,17.23655,MNR,Forest,For,October
1997,18.93805,MNR,Forest,For,October
1998,19.89965,MNR,Forest,For,October
1999,17.81235,MNR,Forest,For,October
2000,17.21185,MNR,Forest,For,October
2001,17.631075,MNR,Forest,For,October
2002,19.9872,MNR,Forest,For,October
2003,18.456575,MNR,Forest,For,October
2004,18.62895,MNR,Forest,For,October
2005,20.49581667,MNR,Forest,For,October
2006,18.23705,MNR,Forest,For,October
2007,20.5748,MNR,Forest,For,October
2008,19.67841667,MNR,Forest,For,October
2009,18.03605,MNR,Forest,For,October
2010,17.93665,MNR,Forest,For,October
2015,19.55405,MNR,Forest,For,October
2016,21.0497,MNR,Forest,For,October
2017,20.89541667,MNR,Forest,For,October
2018,19.67908333,MNR,Forest,For,October
1989,14.93763,MSR,Ag_No_Strat,Ag,October
1990,13.84673,MSR,Ag_No_Strat,Ag,October
1991,12.80095,MSR,Ag_No_Strat,Ag,October
1992,13.89645,MSR,Ag_No_Strat,Ag,October
1993,13.65415,MSR,Ag_No_Strat,Ag,October
1994,16.81505,MSR,Ag_No_Strat,Ag,October
1995,17.01398333,MSR,Ag_No_Strat,Ag,October
1997,17.69195,MSR,Ag_No_Strat,Ag,October
1998,18.38555,MSR,Ag_No_Strat,Ag,October
1999,15.09585,MSR,Ag_No_Strat,Ag,October
2000,12.74005,MSR,Ag_No_Strat,Ag,October
2001,18.15245,MSR,Ag_No_Strat,Ag,October
2002,16.9641,MSR,Ag_No_Strat,Ag,October
2003,13.6282,MSR,Ag_No_Strat,Ag,October
2004,16.28555,MSR,Ag_No_Strat,Ag,October
2005,19.15095,MSR,Ag_No_Strat,Ag,October
2006,15.9859,MSR,Ag_No_Strat,Ag,October
2007,20.19818333,MSR,Ag_No_Strat,Ag,October
2008,18.34775,MSR,Ag_No_Strat,Ag,October
2009,15.1282,MSR,Ag_No_Strat,Ag,October
2010,16.74645,MSR,Ag_No_Strat,Ag,October
2016,19.99135,MSR,Ag_No_Strat,Ag,October
2017,20.03365,MSR,Ag_No_Strat,Ag,October
2018,16.97595,MSR,Ag_No_Strat,Ag,October
1989,17.89229,NRR,Ag_No_Strat,Ag,October
1990,18.91759,NRR,Ag_No_Strat,Ag,October
1991,17.668075,NRR,Ag_No_Strat,Ag,October
1992,18.893675,NRR,Ag_No_Strat,Ag,October
1993,17.78786429,NRR,Ag_No_Strat,Ag,October
1994,17.87699,NRR,Ag_No_Strat,Ag,October
1995,17.0759,NRR,Ag_No_Strat,Ag,October
1996,16.61505,NRR,Ag_No_Strat,Ag,October
1997,15.655875,NRR,Ag_No_Strat,Ag,October
1998,16.44985,NRR,Ag_No_Strat,Ag,October
1999,19.768975,NRR,Ag_No_Strat,Ag,October
2000,20.15229,NRR,Ag_No_Strat,Ag,October
2001,19.64265,NRR,Ag_No_Strat,Ag,October
2002,20.555575,NRR,Ag_No_Strat,Ag,October
2003,19.593225,NRR,Ag_No_Strat,Ag,October
2004,20.393825,NRR,Ag_No_Strat,Ag,October
2005,21.7503,NRR,Ag_No_Strat,Ag,October
2006,19.68031667,NRR,Ag_No_Strat,Ag,October
2007,22.26295,NRR,Ag_No_Strat,Ag,October
2008,20.355875,NRR,Ag_No_Strat,Ag,October
2009,19.66235,NRR,Ag_No_Strat,Ag,October
2010,20.72663,NRR,Ag_No_Strat,Ag,October
2015,20.66325,NRR,Ag_No_Strat,Ag,October
2016,22.36355,NRR,Ag_No_Strat,Ag,October
2017,21.73915,NRR,Ag_No_Strat,Ag,October
2018,21.63735,NRR,Ag_No_Strat,Ag,October
Row Labels,PRR,PRR,Forest,For,October
1989,16.1895,PRR,Forest,For,October
1990,17.807,PRR,Forest,For,October
1991,17.475,PRR,Forest,For,October
1992,16.77633333,PRR,Forest,For,October
1993,16.312,PRR,Forest,For,October
1994,19.40633333,PRR,Forest,For,October
1995,18.659,PRR,Forest,For,October
1996,17.919,PRR,Forest,For,October
1997,20.91033333,PRR,Forest,For,October
1998,18.699,PRR,Forest,For,October
1999,18.029,PRR,Forest,For,October
2000,19.52666667,PRR,Forest,For,October
2001,17.902,PRR,Forest,For,October
2002,19.3614,PRR,Forest,For,October
2003,18.995,PRR,Forest,For,October
2004,18.19233333,PRR,Forest,For,October
2005,20.1862,PRR,Forest,For,October
2006,17.7665,PRR,Forest,For,October
2007,21.0178,PRR,Forest,For,October
2008,19.8366,PRR,Forest,For,October
2009,18.72144444,PRR,Forest,For,October
2010,21.2802,PRR,Forest,For,October
2015,19.364,PRR,Forest,For,October
2016,21.354,PRR,Forest,For,October
2017,21.532,PRR,Forest,For,October
2018,21.056,PRR,Forest,For,October
1989,16.65363,RRR,Ag_Strat,Ag,October
1990,19.02147,RRR,Ag_Strat,Ag,October
1991,18.3027,RRR,Ag_Strat,Ag,October
1992,18.41715,RRR,Ag_Strat,Ag,October
1993,18.2049,RRR,Ag_Strat,Ag,October
1994,19.52695,RRR,Ag_Strat,Ag,October
1995,19.5147,RRR,Ag_Strat,Ag,October
1996,19.24165,RRR,Ag_Strat,Ag,October
1997,20.581375,RRR,Ag_Strat,Ag,October
1998,21.71388333,RRR,Ag_Strat,Ag,October
1999,19.24705,RRR,Ag_Strat,Ag,October
2000,20.29918333,RRR,Ag_Strat,Ag,October
2001,19.82255,RRR,Ag_Strat,Ag,October
2002,20.05735,RRR,Ag_Strat,Ag,October
2003,20.0799,RRR,Ag_Strat,Ag,October
2004,19.61715,RRR,Ag_Strat,Ag,October
2005,21.4255,RRR,Ag_Strat,Ag,October
2006,18.77255,RRR,Ag_Strat,Ag,October
2007,20.80081667,RRR,Ag_Strat,Ag,October
2008,19.9206,RRR,Ag_Strat,Ag,October
2009,19.86225,RRR,Ag_Strat,Ag,October
2010,20.04315,RRR,Ag_Strat,Ag,October
2015,20.81715,RRR,Ag_Strat,Ag,October
2016,22.738975,RRR,Ag_Strat,Ag,October
2017,22.94655,RRR,Ag_Strat,Ag,October
2018,22.7191,RRR,Ag_Strat,Ag,October
1989,14.35941667,SRR,Ag_No_Strat,Ag,October
1990,14.421375,SRR,Ag_No_Strat,Ag,October
1991,14.61391667,SRR,Ag_No_Strat,Ag,October
1992,15.56475,SRR,Ag_No_Strat,Ag,October
1993,14.4025,SRR,Ag_No_Strat,Ag,October
1997,17.903,SRR,Ag_No_Strat,Ag,October
1998,18.2,SRR,Ag_No_Strat,Ag,October
1999,16.57075,SRR,Ag_No_Strat,Ag,October
2000,16.16825,SRR,Ag_No_Strat,Ag,October
2001,15.6945,SRR,Ag_No_Strat,Ag,October
2002,17.69025,SRR,Ag_No_Strat,Ag,October
2003,15.3805,SRR,Ag_No_Strat,Ag,October
2004,16.30125,SRR,Ag_No_Strat,Ag,October
2006,15.3695,SRR,Ag_No_Strat,Ag,October
2007,18.88658333,SRR,Ag_No_Strat,Ag,October
2008,17.64025,SRR,Ag_No_Strat,Ag,October
2009,10.236,SRR,Ag_No_Strat,Ag,October
2010,16.24525,SRR,Ag_No_Strat,Ag,October
2013,17.53675,SRR,Ag_No_Strat,Ag,October
2016,19.55725,SRR,Ag_No_Strat,Ag,October
2017,16.65225,SRR,Ag_No_Strat,Ag,October
2018,17.8635,SRR,Ag_No_Strat,Ag,October
1989,16.4638,TAR,Ag_Strat,Ag,October
1990,17.62487,TAR,Ag_Strat,Ag,October
1991,17.25855,TAR,Ag_Strat,Ag,October
1992,17.287175,TAR,Ag_Strat,Ag,October
1993,16.791775,TAR,Ag_Strat,Ag,October
1994,17.658875,TAR,Ag_Strat,Ag,October
1995,19.26435,TAR,Ag_Strat,Ag,October
1996,18.6631,TAR,Ag_Strat,Ag,October
1997,19.882575,TAR,Ag_Strat,Ag,October
1998,21.19145,TAR,Ag_Strat,Ag,October
1999,18.41315,TAR,Ag_Strat,Ag,October
2000,18.78461,TAR,Ag_Strat,Ag,October
2001,18.16185,TAR,Ag_Strat,Ag,October
2002,19.21975,TAR,Ag_Strat,Ag,October
2003,18.957575,TAR,Ag_Strat,Ag,October
2004,19.312825,TAR,Ag_Strat,Ag,October
2005,20.06803,TAR,Ag_Strat,Ag,October
2006,17.75295,TAR,Ag_Strat,Ag,October
2007,21.06855,TAR,Ag_Strat,Ag,October
2008,19.866125,TAR,Ag_Strat,Ag,October
2009,19.787175,TAR,Ag_Strat,Ag,October
2010,19.6046,TAR,Ag_Strat,Ag,October
2011,19.56435,TAR,Ag_Strat,Ag,October
2012,18.78145,TAR,Ag_Strat,Ag,October
2015,20.34758333,TAR,Ag_Strat,Ag,October
2016,22.35725,TAR,Ag_Strat,Ag,October
2017,21.01515,TAR,Ag_Strat,Ag,October
2018,20.64541667,TAR,Ag_Strat,Ag,October
